/*!40101 SET @OLD_CHARACTER_SET_CLIENT=@@CHARACTER_SET_CLIENT */;
/*!40101 SET NAMES utf8 */;
/*!50503 SET NAMES utf8mb4 */;
/*!40103 SET @OLD_TIME_ZONE=@@TIME_ZONE */;
/*!40103 SET TIME_ZONE='+00:00' */;
/*!40014 SET @OLD_FOREIGN_KEY_CHECKS=@@FOREIGN_KEY_CHECKS, FOREIGN_KEY_CHECKS=0 */;
/*!40101 SET @OLD_SQL_MODE=@@SQL_MODE, SQL_MODE='NO_AUTO_VALUE_ON_ZERO' */;
/*!40111 SET @OLD_SQL_NOTES=@@SQL_NOTES, SQL_NOTES=0 */;

DROP DATABASE IF EXISTS `template`;
CREATE DATABASE IF NOT EXISTS `template` /*!40100 DEFAULT CHARACTER SET utf8mb3 COLLATE utf8mb3_croatian_ci */ /*!80016 DEFAULT ENCRYPTION='N' */;
USE `template`;

DROP TABLE IF EXISTS `a_department`;
CREATE TABLE IF NOT EXISTS `a_department` (
  `id` bigint unsigned NOT NULL,
  `create_by` varchar(255) DEFAULT NULL,
  `create_time` datetime DEFAULT NULL,
  `del_flag` int DEFAULT NULL,
  `update_by` varchar(255) DEFAULT NULL,
  `update_time` datetime DEFAULT NULL,
  `parent_id` bigint unsigned DEFAULT NULL,
  `sort_order` decimal(10,2) DEFAULT NULL,
  `status` tinyint(1) DEFAULT NULL,
  `title` varchar(255) DEFAULT NULL,
  `is_parent` bit(1) DEFAULT NULL,
  PRIMARY KEY (`id`)
) ENGINE=InnoDB DEFAULT CHARSET=utf8mb3;

DELETE FROM `a_department`;
INSERT INTO `a_department` (`id`, `create_by`, `create_time`, `del_flag`, `update_by`, `update_time`, `parent_id`, `sort_order`, `status`, `title`, `is_parent`) VALUES
	(1464487288363945985, 'admin', '2022-03-20 09:46:20', 0, 'admin', '2022-03-20 09:46:20', 0, 1.00, 0, '部门A', b'0'),
	(1464487332064399361, 'admin', '2022-03-20 09:46:20', 0, 'admin', '2022-03-20 09:46:20', 0, 2.00, 0, '部门B', b'0'),
	(1464487379074158593, 'admin', '2022-03-20 09:46:20', 0, 'admin', '2022-03-20 09:46:20', 0, 3.00, 0, '部门C', b'0');

DROP TABLE IF EXISTS `a_department_header`;
CREATE TABLE IF NOT EXISTS `a_department_header` (
  `id` bigint unsigned NOT NULL,
  `create_by` varchar(255) DEFAULT NULL,
  `create_time` datetime DEFAULT NULL,
  `del_flag` tinyint(1) DEFAULT NULL,
  `update_by` varchar(255) DEFAULT NULL,
  `update_time` datetime DEFAULT NULL,
  `department_id` bigint unsigned DEFAULT NULL,
  `type` tinyint(1) DEFAULT NULL,
  `user_id` bigint unsigned DEFAULT NULL,
  PRIMARY KEY (`id`)
) ENGINE=InnoDB DEFAULT CHARSET=utf8mb3;

DELETE FROM `a_department_header`;

DROP TABLE IF EXISTS `a_dict`;
CREATE TABLE IF NOT EXISTS `a_dict` (
  `id` bigint unsigned NOT NULL,
  `create_by` varchar(255) DEFAULT NULL,
  `create_time` datetime DEFAULT NULL,
  `del_flag` tinyint(1) DEFAULT NULL,
  `update_by` varchar(255) DEFAULT NULL,
  `update_time` datetime DEFAULT NULL,
  `description` varchar(255) DEFAULT NULL,
  `title` varchar(255) DEFAULT NULL,
  `type` varchar(255) DEFAULT NULL,
  `sort_order` decimal(10,2) DEFAULT NULL,
  PRIMARY KEY (`id`)
) ENGINE=InnoDB DEFAULT CHARSET=utf8mb3;

DELETE FROM `a_dict`;
INSERT INTO `a_dict` (`id`, `create_by`, `create_time`, `del_flag`, `update_by`, `update_time`, `description`, `title`, `type`, `sort_order`) VALUES
	(75135930788220928, 'admin', '2022-03-20 09:46:20', 0, 'admin', '2022-03-20 09:46:20', '', '性别', 'sex', 0.00),
	(75388696739713024, 'admin', '2022-03-20 09:46:20', 0, 'admin', '2022-03-20 09:46:20', '', '分权限', 'permission_type', 2.00),
	(1536612750841745408, 'admin', '2022-06-14 15:33:23', 0, NULL, NULL, '', '学历', 'education', 3.00),
	(1536613395229446144, 'admin', '2022-06-14 15:35:57', 0, NULL, NULL, '', '在职状态', 'occupationStatus', 4.00);

DROP TABLE IF EXISTS `a_dict_data`;
CREATE TABLE IF NOT EXISTS `a_dict_data` (
  `id` bigint unsigned NOT NULL,
  `create_by` varchar(255) DEFAULT NULL,
  `create_time` datetime DEFAULT NULL,
  `del_flag` tinyint(1) DEFAULT NULL,
  `update_by` varchar(255) DEFAULT NULL,
  `update_time` datetime DEFAULT NULL,
  `description` varchar(255) DEFAULT NULL,
  `dict_id` bigint unsigned DEFAULT NULL,
  `sort_order` decimal(10,2) DEFAULT NULL,
  `status` tinyint(1) DEFAULT NULL,
  `title` varchar(255) DEFAULT NULL,
  `value` varchar(255) DEFAULT NULL,
  PRIMARY KEY (`id`),
  KEY `sort_order` (`sort_order`) USING BTREE
) ENGINE=InnoDB DEFAULT CHARSET=utf8mb3;

DELETE FROM `a_dict_data`;
INSERT INTO `a_dict_data` (`id`, `create_by`, `create_time`, `del_flag`, `update_by`, `update_time`, `description`, `dict_id`, `sort_order`, `status`, `title`, `value`) VALUES
	(75158227712479232, 'admin', '2022-03-20 09:46:20', 0, 'admin', '2022-03-20 09:46:20', '', 75135930788220928, 0.00, 0, '男', '男'),
	(75159254272577536, 'admin', '2022-03-20 09:46:20', 0, 'admin', '2022-03-20 09:46:20', '', 75135930788220928, 1.00, 0, '女', '女'),
	(75159898425397248, 'admin', '2022-03-20 09:46:20', 0, 'admin', '2022-03-20 09:46:20', '', 75135930788220928, 2.00, -1, '保密', '保密'),
	(75390886501945344, 'admin', '2022-03-20 09:46:20', 0, 'admin', '2022-03-20 09:46:20', '', 75388696739713024, 1.00, 0, '添加操作(add)', 'add'),
	(75390993939042304, 'admin', '2022-03-20 09:46:20', 0, 'admin', '2022-03-20 09:46:20', '', 75388696739713024, 2.00, 0, '编辑操作(edit)', 'edit'),
	(75391067532300288, 'admin', '2022-03-20 09:46:20', 0, 'admin', '2022-03-20 09:46:20', '', 75388696739713024, 3.00, 0, '删除操作(delete)', 'delete'),
	(75391126902673408, 'admin', '2022-03-20 09:46:20', 0, 'admin', '2022-03-20 09:46:20', '', 75388696739713024, 4.00, 0, '清空操作(clear)', 'clear'),
	(75391192883269632, 'admin', '2022-03-20 09:46:20', 0, 'admin', '2022-03-20 09:46:20', '', 75388696739713024, 5.00, 0, '启用操作(enable)', 'enable'),
	(75391251024711680, 'admin', '2022-03-20 09:46:20', 0, 'admin', '2022-03-20 09:46:20', '', 75388696739713024, 6.00, 0, '禁用操作(disable)', 'disable'),
	(75391297124306944, 'admin', '2022-03-20 09:46:20', 0, 'admin', '2022-03-20 09:46:20', '', 75388696739713024, 7.00, 0, '搜索操作(search)', 'search'),
	(75391343379091456, 'admin', '2022-03-20 09:46:20', 0, 'admin', '2022-03-20 09:46:20', '', 75388696739713024, 8.00, 0, '上传文件(upload)', 'upload'),
	(75391407526776832, 'admin', '2022-03-20 09:46:20', 0, 'admin', '2022-03-20 09:46:20', '', 75388696739713024, 9.00, 0, '导出操作(output)', 'output'),
	(75391475042488320, 'admin', '2022-03-20 09:46:20', 0, 'admin', '2022-03-20 09:46:20', '', 75388696739713024, 10.00, 0, '导入操作(input)', 'input'),
	(1536612796106674176, 'admin', '2022-06-14 15:33:34', 0, NULL, NULL, '', 1536612750841745408, 1.00, 0, '博士', '博士'),
	(1536612834962706432, 'admin', '2022-06-14 15:33:43', 0, NULL, NULL, '', 1536612750841745408, 2.00, 0, '硕士', '硕士'),
	(1536612883465637888, 'admin', '2022-06-14 15:33:55', 0, 'admin', '2022-06-14 15:34:13', '', 1536612750841745408, 3.00, 0, '本科', '本科'),
	(1536612930576060416, 'admin', '2022-06-14 15:34:06', 0, 'admin', '2022-06-14 15:34:11', '', 1536612750841745408, 4.00, 0, '专科', '专科'),
	(1536612993519980544, 'admin', '2022-06-14 15:34:21', 0, '', NULL, '', 1536612750841745408, 5.00, 0, '高中及以下', '高中及以下'),
	(1536613425902391296, 'admin', '2022-06-14 15:36:04', 0, NULL, NULL, '', 1536613395229446144, 1.00, 0, '在职', '在职'),
	(1536613447544999936, 'admin', '2022-06-14 15:36:09', 0, NULL, NULL, '', 1536613395229446144, 2.00, 0, '离职', '离职');

DROP TABLE IF EXISTS `a_file`;
CREATE TABLE IF NOT EXISTS `a_file` (
  `id` bigint unsigned NOT NULL,
  `create_by` varchar(255) DEFAULT NULL,
  `create_time` datetime DEFAULT NULL,
  `del_flag` tinyint(1) DEFAULT NULL,
  `update_by` varchar(255) DEFAULT NULL,
  `update_time` datetime DEFAULT NULL,
  `name` varchar(255) DEFAULT NULL,
  `size` bigint unsigned DEFAULT NULL,
  `type` varchar(255) DEFAULT NULL,
  `url` varchar(255) DEFAULT NULL,
  `f_key` varchar(255) DEFAULT NULL,
  `location` tinyint(1) DEFAULT NULL,
  PRIMARY KEY (`id`),
  KEY `create_time` (`create_time`) USING BTREE
) ENGINE=InnoDB DEFAULT CHARSET=utf8mb3;

DELETE FROM `a_file`;
INSERT INTO `a_file` (`id`, `create_by`, `create_time`, `del_flag`, `update_by`, `update_time`, `name`, `size`, `type`, `url`, `f_key`, `location`) VALUES
	(1527897791781801984, 'admin', '2022-05-21 14:23:15', 0, NULL, NULL, 'gh_57ba35562a20_258.jpg', 43531, 'image/jpeg', 'C:\\oa-file/20220521/1e07b00ffc20427fbdf2c434231c1e1e.jpg', '1e07b00ffc20427fbdf2c434231c1e1e.jpg', 0),
	(1527897840372813824, 'admin', '2022-05-21 14:23:27', 0, NULL, NULL, '美术版权.xlsx', 3605123, 'application/vnd.openxmlformats-officedocument.spreadsheetml.sheet', 'C:\\oa-file/20220521/4c1dadd45a8a4aca9a9ebd5f3256ba45.xlsx', '4c1dadd45a8a4aca9a9ebd5f3256ba45.xlsx', 0),
	(1527897921570344960, 'admin', '2022-05-21 14:23:46', 0, NULL, NULL, '公司大门通行设备使用说明-V1.pdf', 914877, 'application/pdf', 'C:\\oa-file/20220521/74e865aed9594ea9a9a0536161e40066.pdf', '74e865aed9594ea9a9a0536161e40066.pdf', 0),
	(1527898199690448896, 'admin', '2022-05-21 14:24:52', 0, NULL, NULL, '111.mp4', 180593, 'video/mp4', 'C:\\oa-file/20220521/113344a2389349ed8d02fb7dacfa058f.mp4', '113344a2389349ed8d02fb7dacfa058f.mp4', 0),
	(1527899386892390400, 'admin', '2022-05-21 14:29:36', 0, NULL, NULL, '【模版】需求文档.md.zip', 3104, 'application/x-zip-compressed', 'C:\\oa-file/20220521/dacc0bc61cf34bc18d1259b4ce60d52c.zip', 'dacc0bc61cf34bc18d1259b4ce60d52c.zip', 0),
	(1536614206311370752, 'admin', '2022-06-14 15:39:10', 0, NULL, NULL, '张三签名.png', 1686, 'image/png', 'C:\\\\oa-file/20220614/62a6f2fde5994e5fac6a78aa5ad070ad.png', '62a6f2fde5994e5fac6a78aa5ad070ad.png', 0),
	(1536614698903015424, 'admin', '2022-06-14 15:41:08', 0, NULL, NULL, '张三简历.pdf', 28091, 'application/pdf', 'C:\\\\oa-file/20220614/2a643018f08a4a4bbfacbb19218ab1e2.pdf', '2a643018f08a4a4bbfacbb19218ab1e2.pdf', 0);

DROP TABLE IF EXISTS `a_log`;
CREATE TABLE IF NOT EXISTS `a_log` (
  `id` bigint unsigned NOT NULL,
  `create_by` varchar(255) DEFAULT NULL,
  `create_time` datetime DEFAULT NULL,
  `del_flag` tinyint(1) DEFAULT NULL,
  `update_by` varchar(255) DEFAULT NULL,
  `update_time` datetime DEFAULT NULL,
  `cost_time` int unsigned DEFAULT NULL,
  `ip` varchar(255) DEFAULT NULL,
  `ip_info` varchar(255) DEFAULT NULL,
  `name` varchar(255) DEFAULT NULL,
  `request_param` longtext,
  `request_type` varchar(255) DEFAULT NULL,
  `request_url` varchar(255) DEFAULT NULL,
  `username` varchar(255) DEFAULT NULL,
  `log_type` tinyint(1) DEFAULT NULL,
  `code` varchar(255) DEFAULT NULL,
  `device` varchar(255) DEFAULT NULL,
  PRIMARY KEY (`id`),
  KEY `create_time` (`create_time`) USING BTREE
) ENGINE=InnoDB DEFAULT CHARSET=utf8mb3;

DELETE FROM `a_log`;
INSERT INTO `a_log` (`id`, `create_by`, `create_time`, `del_flag`, `update_by`, `update_time`, `cost_time`, `ip`, `ip_info`, `name`, `request_param`, `request_type`, `request_url`, `username`, `log_type`, `code`, `device`) VALUES
	(1536883393592168448, NULL, '2022-06-15 09:28:50', 0, NULL, '2022-06-15 09:28:50', 287, '127.0.0.1', '本地测试', '登录系统', '{"password":"密码隐藏","code":"8817","saveLogin":"true","captchaId":"ef9e5437ff544c8b91d9810febcb58e7","username":"admin"}', 'POST', '/zwz/login', 'admin', 1, '', 'PC端 | Chrome 101.0.0.0 | Windows Windows 10 or Windows Server 2016'),
	(1536883393592168449, NULL, '2022-06-15 09:28:50', 0, NULL, '2022-06-15 09:28:50', 263, '127.0.0.1', '本地测试', '获取当前登录用户', '{}', 'GET', '/zwz/user/info', 'admin', 2, 'USER-02', 'PC端 | Chrome 101.0.0.0 | Windows Windows 10 or Windows Server 2016'),
	(1536883394787545090, NULL, '2022-06-15 09:28:50', 0, NULL, '2022-06-15 09:28:50', 43, '127.0.0.1', '本地测试', '查询菜单', '{}', 'GET', '/zwz/permission/getMenuList', 'admin', 2, 'PERMISSION-02', 'PC端 | Chrome 101.0.0.0 | Windows Windows 10 or Windows Server 2016'),
	(1536883395219558400, NULL, '2022-06-15 09:28:50', 0, NULL, '2022-06-15 09:28:50', 69, '127.0.0.1', '本地测试', '查询个人门户菜单B', '{}', 'POST', '/zwz/myDoor/getMyDoorList6', 'admin', 2, 'MY-DOOR-02', 'PC端 | Chrome 101.0.0.0 | Windows Windows 10 or Windows Server 2016'),
	(1536883401452294144, NULL, '2022-06-15 09:28:52', 0, NULL, '2022-06-15 09:28:52', 76, '127.0.0.1', '本地测试', '查询日志', '{"logType":"1","pageNumber":"1","endDate":"","pageSize":"15","sort":"createTime","ipInfo":"","startDate":"","key":"","order":"desc"}', 'GET', '/zwz/log/getAllByPage', 'admin', 2, 'LOG-01', 'PC端 | Chrome 101.0.0.0 | Windows Windows 10 or Windows Server 2016'),
	(1536883413934542848, NULL, '2022-06-15 09:28:54', 0, NULL, '2022-06-15 09:28:54', 40, '127.0.0.1', '本地测试', '查询子部门', '{}', 'GET', '/zwz/department/getByParentId', 'admin', 2, 'DEP-01', 'PC端 | Chrome 101.0.0.0 | Windows Windows 10 or Windows Server 2016'),
	(1536883415226388480, NULL, '2022-06-15 09:28:55', 0, NULL, '2022-06-15 09:28:55', 39, '127.0.0.1', '本地测试', '查询全部角色', '{}', 'GET', '/zwz/role/getAllList', 'admin', 2, 'ROLE-01', 'PC端 | Chrome 101.0.0.0 | Windows Windows 10 or Windows Server 2016'),
	(1536883415259942913, NULL, '2022-06-15 09:28:55', 0, NULL, '2022-06-15 09:28:55', 49, '127.0.0.1', '本地测试', '查询单个数据字典的值', '{}', 'GET', '/zwz/dictData/getByType/sex', 'admin', 2, 'DICT_DATA-01', 'PC端 | Chrome 101.0.0.0 | Windows Windows 10 or Windows Server 2016'),
	(1536883415280914432, NULL, '2022-06-15 09:28:55', 0, NULL, '2022-06-15 09:28:55', 94, '127.0.0.1', '本地测试', '查询用户', '{"pageNumber":"1","departmentId":"","nickname":"","pageSize":"20","sort":"createTime","order":"desc"}', 'GET', '/zwz/user/getUserList', 'admin', 2, 'USER-07', 'PC端 | Chrome 101.0.0.0 | Windows Windows 10 or Windows Server 2016'),
	(1536883415444492288, NULL, '2022-06-15 09:28:55', 0, NULL, '2022-06-15 09:28:55', 36, '127.0.0.1', '本地测试', '查询子部门', '{}', 'GET', '/zwz/department/getByParentId', 'admin', 2, 'DEP-01', 'PC端 | Chrome 101.0.0.0 | Windows Windows 10 or Windows Server 2016'),
	(1536883420095975424, NULL, '2022-06-15 09:28:56', 0, NULL, '2022-06-15 09:28:56', 40, '127.0.0.1', '本地测试', '查询子部门', '{}', 'GET', '/zwz/department/getByParentId', 'admin', 2, 'DEP-01', 'PC端 | Chrome 101.0.0.0 | Windows Windows 10 or Windows Server 2016'),
	(1536883420171472896, NULL, '2022-06-15 09:28:56', 0, NULL, '2022-06-15 09:28:56', 58, '127.0.0.1', '本地测试', '查询用户', '{"pageNumber":"1","departmentId":"","pageSize":"10","sort":"createTime","order":"desc"}', 'GET', '/zwz/myUser/getByPage', 'admin', 2, 'USER-01', 'PC端 | Chrome 101.0.0.0 | Windows Windows 10 or Windows Server 2016'),
	(1536883421131968513, NULL, '2022-06-15 09:28:56', 0, NULL, '2022-06-15 09:28:56', 38, '127.0.0.1', '本地测试', '查询子部门', '{}', 'GET', '/zwz/department/getByParentId', 'admin', 2, 'DEP-01', 'PC端 | Chrome 101.0.0.0 | Windows Windows 10 or Windows Server 2016'),
	(1536883423262674944, NULL, '2022-06-15 09:28:57', 0, NULL, '2022-06-15 09:28:57', 50, '127.0.0.1', '本地测试', '查询系统文件', '{"pageNumber":"1","endDate":"","fkey":"","name":"","pageSize":"15","sort":"createTime","type":"","startDate":"","order":"desc"}', 'GET', '/zwz/file/getByCondition', 'admin', 2, 'FILE-01', 'PC端 | Chrome 101.0.0.0 | Windows Windows 10 or Windows Server 2016'),
	(1536883424516771840, NULL, '2022-06-15 09:28:57', 0, NULL, '2022-06-15 09:28:57', 41, '127.0.0.1', '本地测试', '查看单个配置', '{"id":"FILE_HTTP"}', 'GET', '/zwz/setting/getOne', 'admin', 2, 'SETTING-01', 'PC端 | Chrome 101.0.0.0 | Windows Windows 10 or Windows Server 2016'),
	(1536883424516771841, NULL, '2022-06-15 09:28:57', 0, NULL, '2022-06-15 09:28:57', 34, '127.0.0.1', '本地测试', '查看单个配置', '{"id":"FILE_PATH"}', 'GET', '/zwz/setting/getOne', 'admin', 2, 'SETTING-01', 'PC端 | Chrome 101.0.0.0 | Windows Windows 10 or Windows Server 2016'),
	(1536883424516771842, NULL, '2022-06-15 09:28:57', 0, NULL, '2022-06-15 09:28:57', 44, '127.0.0.1', '本地测试', '查看单个配置', '{"id":"FILE_VIEW"}', 'GET', '/zwz/setting/getOne', 'admin', 2, 'SETTING-01', 'PC端 | Chrome 101.0.0.0 | Windows Windows 10 or Windows Server 2016'),
	(1536883426920108032, NULL, '2022-06-15 09:28:58', 0, NULL, '2022-06-15 09:28:58', 55, '127.0.0.1', '本地测试', '查询角色', '{"pageNumber":"1","pageSize":"15","sort":"createTime","order":"desc"}', 'GET', '/zwz/role/getAllByPage', 'admin', 2, 'ROLE-02', 'PC端 | Chrome 101.0.0.0 | Windows Windows 10 or Windows Server 2016'),
	(1536883430367825920, NULL, '2022-06-15 09:28:58', 0, NULL, '2022-06-15 09:28:58', 45, '127.0.0.1', '本地测试', '查询单个数据字典的值', '{}', 'GET', '/zwz/dictData/getByType/permission_type', 'admin', 2, 'DICT_DATA-01', 'PC端 | Chrome 101.0.0.0 | Windows Windows 10 or Windows Server 2016'),
	(1536883433186398208, NULL, '2022-06-15 09:28:59', 0, NULL, '2022-06-15 09:28:59', 43, '127.0.0.1', '本地测试', '查询日志', '{"logType":"1","pageNumber":"1","endDate":"","pageSize":"15","sort":"createTime","ipInfo":"","startDate":"","key":"","order":"desc"}', 'GET', '/zwz/log/getAllByPage', 'admin', 2, 'LOG-01', 'PC端 | Chrome 101.0.0.0 | Windows Windows 10 or Windows Server 2016'),
	(1536883444859146240, NULL, '2022-06-15 09:29:02', 0, NULL, '2022-06-15 09:29:02', 50, '127.0.0.1', '本地测试', '查询所有数据字典', '{}', 'GET', '/zwz/dict/getAll', 'admin', 2, 'DICT-01', 'PC端 | Chrome 101.0.0.0 | Windows Windows 10 or Windows Server 2016'),
	(1536883444947226624, NULL, '2022-06-15 09:29:02', 0, NULL, '2022-06-15 09:29:02', 59, '127.0.0.1', '本地测试', '查询数据字典值', '{"pageNumber":"1","name":"","pageSize":"10","sort":"sortOrder","status":"","order":"asc"}', 'GET', '/zwz/dictData/getByCondition', 'admin', 2, 'DICT_DATA-02', 'PC端 | Chrome 101.0.0.0 | Windows Windows 10 or Windows Server 2016'),
	(1536883446968881152, NULL, '2022-06-15 09:29:02', 0, NULL, '2022-06-15 09:29:02', 43, '127.0.0.1', '本地测试', '查询个人门户菜单B', '{}', 'POST', '/zwz/myDoor/getMyDoorList6', 'admin', 2, 'MY-DOOR-02', 'PC端 | Chrome 101.0.0.0 | Windows Windows 10 or Windows Server 2016'),
	(1536883451238682624, NULL, '2022-06-15 09:29:03', 0, NULL, '2022-06-15 09:29:03', 52, '127.0.0.1', '本地测试', '查询单个数据字典的值', '{}', 'GET', '/zwz/dictData/getByType/sex', 'admin', 2, 'DICT_DATA-01', 'PC端 | Chrome 101.0.0.0 | Windows Windows 10 or Windows Server 2016'),
	(1536883451347734528, NULL, '2022-06-15 09:29:03', 0, NULL, '2022-06-15 09:29:03', 65, '127.0.0.1', '本地测试', '查询学生', '{"pageNumber":"1","pageSize":"15","sort":"createTime","order":"desc"}', 'GET', '/zwz/student/getByPage', 'admin', 3, 'STUDENT-04', 'PC端 | Chrome 101.0.0.0 | Windows Windows 10 or Windows Server 2016'),
	(1536883452538916864, NULL, '2022-06-15 09:29:04', 0, NULL, '2022-06-15 09:29:04', 43, '127.0.0.1', '本地测试', '查询单个数据字典的值', '{}', 'GET', '/zwz/dictData/getByType/education', 'admin', 2, 'DICT_DATA-01', 'PC端 | Chrome 101.0.0.0 | Windows Windows 10 or Windows Server 2016'),
	(1536883453881094144, NULL, '2022-06-15 09:29:04', 0, NULL, '2022-06-15 09:29:04', 48, '127.0.0.1', '本地测试', '查询教师', '{"pageNumber":"1","pageSize":"15","sort":"createTime","order":"desc"}', 'GET', '/zwz/teacher/getByPage', 'admin', 3, 'TEACHER-04', 'PC端 | Chrome 101.0.0.0 | Windows Windows 10 or Windows Server 2016'),
	(1536883466526920704, NULL, '2022-06-15 09:29:07', 0, NULL, '2022-06-15 09:29:07', 42, '127.0.0.1', '本地测试', '查询图表数据', '{}', 'GET', '/zwz/teacher/getAntvVoList', 'admin', 4, 'CHART-01', 'PC端 | Chrome 101.0.0.0 | Windows Windows 10 or Windows Server 2016'),
	(1536883470083690496, NULL, '2022-06-15 09:29:08', 0, NULL, '2022-06-15 09:29:08', 46, '127.0.0.1', '本地测试', '查询个人门户菜单B', '{}', 'POST', '/zwz/myDoor/getMyDoorList6', 'admin', 2, 'MY-DOOR-02', 'PC端 | Chrome 101.0.0.0 | Windows Windows 10 or Windows Server 2016'),
	(1536883482377195520, NULL, '2022-06-15 09:29:11', 0, NULL, '2022-06-15 09:29:11', 41, '127.0.0.1', '本地测试', '查询日志', '{"logType":"1","pageNumber":"1","endDate":"","pageSize":"15","sort":"createTime","ipInfo":"","startDate":"","key":"","order":"desc"}', 'GET', '/zwz/log/getAllByPage', 'admin', 2, 'LOG-01', 'PC端 | Chrome 101.0.0.0 | Windows Windows 10 or Windows Server 2016'),
	(1536883484109443072, NULL, '2022-06-15 09:29:11', 0, NULL, '2022-06-15 09:29:11', 50, '127.0.0.1', '本地测试', '查询日志', '{"logType":"2","pageNumber":"1","endDate":"","pageSize":"15","sort":"createTime","ipInfo":"","startDate":"","key":"","order":"desc"}', 'GET', '/zwz/log/getAllByPage', 'admin', 2, 'LOG-01', 'PC端 | Chrome 101.0.0.0 | Windows Windows 10 or Windows Server 2016'),
	(1536883506003709952, NULL, '2022-06-15 09:29:16', 0, NULL, '2022-06-15 09:29:16', 86, '127.0.0.1', '本地测试', '查询日志', '{"logType":"3","pageNumber":"1","endDate":"","pageSize":"15","sort":"createTime","ipInfo":"","startDate":"","key":"","order":"desc"}', 'GET', '/zwz/log/getAllByPage', 'admin', 2, 'LOG-01', 'PC端 | Chrome 101.0.0.0 | Windows Windows 10 or Windows Server 2016'),
	(1536883509954744320, NULL, '2022-06-15 09:29:17', 0, NULL, '2022-06-15 09:29:17', 38, '127.0.0.1', '本地测试', '查询日志', '{"logType":"4","pageNumber":"1","endDate":"","pageSize":"15","sort":"createTime","ipInfo":"","startDate":"","key":"","order":"desc"}', 'GET', '/zwz/log/getAllByPage', 'admin', 2, 'LOG-01', 'PC端 | Chrome 101.0.0.0 | Windows Windows 10 or Windows Server 2016'),
	(1536883517961670656, NULL, '2022-06-15 09:29:19', 0, NULL, '2022-06-15 09:29:19', 39, '127.0.0.1', '本地测试', '查询日志', '{"logType":"1","pageNumber":"1","endDate":"","pageSize":"15","sort":"createTime","ipInfo":"","startDate":"","key":"","order":"desc"}', 'GET', '/zwz/log/getAllByPage', 'admin', 2, 'LOG-01', 'PC端 | Chrome 101.0.0.0 | Windows Windows 10 or Windows Server 2016'),
	(1658361809163390976, NULL, '2023-05-16 14:40:41', 0, NULL, '2023-05-16 14:40:41', 52, '127.0.0.1', '本地测试', '登录系统', '{"username":"admin","password":"","code":"6572","captchaId":"6720ebc919454634bec3152535dfb2f7","saveLogin":"true"}', 'POST', '/zwz/login', 'admin', 1, '', 'PC端 | Chrome 113.0.0.0 | Windows Windows 10 or Windows Server 2016'),
	(1658361810711089152, NULL, '2023-05-16 14:40:41', 0, NULL, '2023-05-16 14:40:41', 35, '127.0.0.1', '本地测试', '获取当前登录用户', '{}', 'GET', '/zwz/user/info', 'admin', 2, 'USER-02', 'PC端 | Chrome 113.0.0.0 | Windows Windows 10 or Windows Server 2016'),
	(1658361811726110720, NULL, '2023-05-16 14:40:41', 0, NULL, '2023-05-16 14:40:41', 52, '127.0.0.1', '本地测试', '查询菜单', '{}', 'GET', '/zwz/permission/getMenuList', 'admin', 2, 'PERMISSION-02', 'PC端 | Chrome 113.0.0.0 | Windows Windows 10 or Windows Server 2016'),
	(1658361814729232384, NULL, '2023-05-16 14:40:42', 0, NULL, '2023-05-16 14:40:42', 41, '127.0.0.1', '本地测试', '查询菜单', '{}', 'GET', '/zwz/permission/getMenuList', 'admin', 2, 'PERMISSION-02', 'PC端 | Chrome 113.0.0.0 | Windows Windows 10 or Windows Server 2016'),
	(1658361814972502016, NULL, '2023-05-16 14:40:42', 0, NULL, '2023-05-16 14:40:42', 66, '127.0.0.1', '本地测试', '查询个人门户菜单B', '{}', 'POST', '/zwz/myDoor/getMyDoorList6', 'admin', 2, 'MY-DOOR-02', 'PC端 | Chrome 113.0.0.0 | Windows Windows 10 or Windows Server 2016'),
	(1658362015967744000, NULL, '2023-05-16 14:41:30', 0, NULL, '2023-05-16 14:41:30', 56, '127.0.0.1', '本地测试', '登录系统', '{"username":"admin","password":"","code":"1340","captchaId":"c4f6841d7ddd41e591d25b969273f9a1","saveLogin":"true"}', 'POST', '/zwz/login', 'admin', 1, '', 'PC端 | Chrome 113.0.0.0 | Windows Windows 10 or Windows Server 2016'),
	(1658362016018075648, NULL, '2023-05-16 14:41:30', 0, NULL, '2023-05-16 14:41:30', 56, '127.0.0.1', '本地测试', '获取当前登录用户', '{}', 'GET', '/zwz/user/info', 'admin', 2, 'USER-02', 'PC端 | Chrome 113.0.0.0 | Windows Windows 10 or Windows Server 2016'),
	(1658362017679020032, NULL, '2023-05-16 14:41:31', 0, NULL, '2023-05-16 14:41:31', 36, '127.0.0.1', '本地测试', '查询菜单', '{}', 'GET', '/zwz/permission/getMenuList', 'admin', 2, 'PERMISSION-02', 'PC端 | Chrome 113.0.0.0 | Windows Windows 10 or Windows Server 2016'),
	(1658362018035535872, NULL, '2023-05-16 14:41:31', 0, NULL, '2023-05-16 14:41:31', 36, '127.0.0.1', '本地测试', '查询个人门户菜单B', '{}', 'POST', '/zwz/myDoor/getMyDoorList6', 'admin', 2, 'MY-DOOR-02', 'PC端 | Chrome 113.0.0.0 | Windows Windows 10 or Windows Server 2016'),
	(1658362039741059072, NULL, '2023-05-16 14:41:36', 0, NULL, '2023-05-16 14:41:36', 73, '127.0.0.1', '本地测试', '查询菜单', '{}', 'GET', '/zwz/permission/getMenuList', 'admin', 2, 'PERMISSION-02', 'PC端 | Chrome 113.0.0.0 | Windows Windows 10 or Windows Server 2016'),
	(1658362040869326848, NULL, '2023-05-16 14:41:36', 0, NULL, '2023-05-16 14:41:36', 51, '127.0.0.1', '本地测试', '查询个人门户菜单B', '{}', 'POST', '/zwz/myDoor/getMyDoorList6', 'admin', 2, 'MY-DOOR-02', 'PC端 | Chrome 113.0.0.0 | Windows Windows 10 or Windows Server 2016'),
	(1658362178484441088, NULL, '2023-05-16 14:42:09', 0, NULL, '2023-05-16 14:42:09', 70, '127.0.0.1', '本地测试', '登录系统', '{"username":"admin","password":"","code":"3716","captchaId":"81e7abf60b5e463aabee86b57f6ab460","saveLogin":"true"}', 'POST', '/zwz/login', 'admin', 1, '', 'PC端 | Chrome 113.0.0.0 | Windows Windows 10 or Windows Server 2016'),
	(1658362179835006976, NULL, '2023-05-16 14:42:09', 0, NULL, '2023-05-16 14:42:09', 34, '127.0.0.1', '本地测试', '获取当前登录用户', '{}', 'GET', '/zwz/user/info', 'admin', 2, 'USER-02', 'PC端 | Chrome 113.0.0.0 | Windows Windows 10 or Windows Server 2016'),
	(1658362180946497536, NULL, '2023-05-16 14:42:10', 0, NULL, '2023-05-16 14:42:10', 32, '127.0.0.1', '本地测试', '查询菜单', '{}', 'GET', '/zwz/permission/getMenuList', 'admin', 2, 'PERMISSION-02', 'PC端 | Chrome 113.0.0.0 | Windows Windows 10 or Windows Server 2016'),
	(1658362181504339968, NULL, '2023-05-16 14:42:10', 0, NULL, '2023-05-16 14:42:10', 75, '127.0.0.1', '本地测试', '查询个人门户菜单B', '{}', 'POST', '/zwz/myDoor/getMyDoorList6', 'admin', 2, 'MY-DOOR-02', 'PC端 | Chrome 113.0.0.0 | Windows Windows 10 or Windows Server 2016'),
	(1658362440305479680, NULL, '2023-05-16 14:43:11', 0, NULL, '2023-05-16 14:43:11', 95, '127.0.0.1', '本地测试', '登录系统', '{"username":"admin","password":"","code":"5161","captchaId":"2fccb8aec95a48199bdd35365270b793","saveLogin":"true"}', 'POST', '/zwz/login', 'admin', 1, '', 'PC端 | Chrome 113.0.0.0 | Windows Windows 10 or Windows Server 2016'),
	(1658362440364199936, NULL, '2023-05-16 14:43:11', 0, NULL, '2023-05-16 14:43:11', 91, '127.0.0.1', '本地测试', '获取当前登录用户', '{}', 'GET', '/zwz/user/info', 'admin', 2, 'USER-02', 'PC端 | Chrome 113.0.0.0 | Windows Windows 10 or Windows Server 2016'),
	(1658362442188722185, NULL, '2023-05-16 14:43:12', 0, NULL, '2023-05-16 14:43:12', 49, '127.0.0.1', '本地测试', '查询个人门户菜单B', '{}', 'POST', '/zwz/myDoor/getMyDoorList6', 'admin', 2, 'MY-DOOR-02', 'PC端 | Chrome 113.0.0.0 | Windows Windows 10 or Windows Server 2016'),
	(1658362442406825984, NULL, '2023-05-16 14:43:12', 0, NULL, '2023-05-16 14:43:12', 97, '127.0.0.1', '本地测试', '查询菜单', '{}', 'GET', '/zwz/permission/getMenuList', 'admin', 2, 'PERMISSION-02', 'PC端 | Chrome 113.0.0.0 | Windows Windows 10 or Windows Server 2016'),
	(1658362452213108736, NULL, '2023-05-16 14:43:14', 0, NULL, '2023-05-16 14:43:14', 51, '127.0.0.1', '本地测试', '查询单个数据字典的值', '{}', 'GET', '/zwz/dictData/getByType/permission_type', 'admin', 2, 'DICT_DATA-01', 'PC端 | Chrome 113.0.0.0 | Windows Windows 10 or Windows Server 2016'),
	(1658362452355715072, NULL, '2023-05-16 14:43:14', 0, NULL, '2023-05-16 14:43:14', 72, '127.0.0.1', '本地测试', '查询全部菜单', '{}', 'GET', '/zwz/permission/getAllList', 'admin', 2, 'PERMISSION-04', 'PC端 | Chrome 113.0.0.0 | Windows Windows 10 or Windows Server 2016'),
	(1658362463428677632, NULL, '2023-05-16 14:43:17', 0, NULL, '2023-05-16 14:43:17', 93, '127.0.0.1', '本地测试', '查询角色', '{"pageNumber":"1","pageSize":"15","sort":"createTime","order":"desc"}', 'GET', '/zwz/role/getAllByPage', 'admin', 2, 'ROLE-02', 'PC端 | Chrome 113.0.0.0 | Windows Windows 10 or Windows Server 2016'),
	(1658362494080651264, NULL, '2023-05-16 14:43:24', 0, NULL, '2023-05-16 14:43:24', 100, '127.0.0.1', '本地测试', '修改菜单权限', '{"roleId":"1536606659751841799","permIds":"125909152017944576,1464484663442673664,5129710648430594,56309618086776832,1530689602321518592,1535166438371889152,5129710648430593,40238597734928384,5129710648430595,41363147411427328,1536599942410407936,1536600125332393984,1536600268379131904,1536604417711804416,1536606273959759872,1536606372668510208,1536606464712511488,1536606550951596032,1536606637815631872,1536875505901506560"}', 'POST', '/zwz/role/editRolePerm', 'admin', 2, 'ROLE-04', 'PC端 | Chrome 113.0.0.0 | Windows Windows 10 or Windows Server 2016'),
	(1658362495276027904, NULL, '2023-05-16 14:43:24', 0, NULL, '2023-05-16 14:43:24', 65, '127.0.0.1', '本地测试', '查询菜单', '{}', 'GET', '/zwz/permission/getMenuList', 'admin', 2, 'PERMISSION-02', 'PC端 | Chrome 113.0.0.0 | Windows Windows 10 or Windows Server 2016'),
	(1658362495976476673, NULL, '2023-05-16 14:43:25', 0, NULL, '2023-05-16 14:43:25', 54, '127.0.0.1', '本地测试', '查询角色', '{"pageNumber":"1","pageSize":"15","sort":"createTime","order":"desc"}', 'GET', '/zwz/role/getAllByPage', 'admin', 2, 'ROLE-02', 'PC端 | Chrome 113.0.0.0 | Windows Windows 10 or Windows Server 2016'),
	(1658362497784221696, NULL, '2023-05-16 14:43:25', 0, NULL, '2023-05-16 14:43:25', 43, '127.0.0.1', '本地测试', '查询单个数据字典的值', '{}', 'GET', '/zwz/dictData/getByType/permission_type', 'admin', 2, 'DICT_DATA-01', 'PC端 | Chrome 113.0.0.0 | Windows Windows 10 or Windows Server 2016'),
	(1658362514016178176, NULL, '2023-05-16 14:43:29', 0, NULL, '2023-05-16 14:43:29', 52, '127.0.0.1', '本地测试', '删除菜单', '{"ids":"1464485105081913345,1464485485316542465,5129710648430592,1530689520276738048,39915540965232640,1535166254703316992"}', 'POST', '/zwz/permission/delByIds', 'admin', 2, 'PERMISSION-05', 'PC端 | Chrome 113.0.0.0 | Windows Windows 10 or Windows Server 2016'),
	(1658362515098308608, NULL, '2023-05-16 14:43:29', 0, NULL, '2023-05-16 14:43:29', 54, '127.0.0.1', '本地测试', '查询菜单', '{}', 'GET', '/zwz/permission/getMenuList', 'admin', 2, 'PERMISSION-02', 'PC端 | Chrome 113.0.0.0 | Windows Windows 10 or Windows Server 2016'),
	(1658362515542904832, NULL, '2023-05-16 14:43:29', 0, NULL, '2023-05-16 14:43:29', 43, '127.0.0.1', '本地测试', '查询单个数据字典的值', '{}', 'GET', '/zwz/dictData/getByType/permission_type', 'admin', 2, 'DICT_DATA-01', 'PC端 | Chrome 113.0.0.0 | Windows Windows 10 or Windows Server 2016'),
	(1658362515706482688, NULL, '2023-05-16 14:43:29', 0, NULL, '2023-05-16 14:43:29', 78, '127.0.0.1', '本地测试', '查询全部菜单', '{}', 'GET', '/zwz/permission/getAllList', 'admin', 2, 'PERMISSION-04', 'PC端 | Chrome 113.0.0.0 | Windows Windows 10 or Windows Server 2016'),
	(1658362741615890432, NULL, '2023-05-16 14:44:23', 0, NULL, '2023-05-16 14:44:23', 81, '127.0.0.1', '本地测试', '登录系统', '{"username":"admin","password":"","code":"1583","captchaId":"bc3842429d094429954a58abaade13ff","saveLogin":"true"}', 'POST', '/zwz/login', 'admin', 1, '', 'PC端 | Chrome 113.0.0.0 | Windows Windows 10 or Windows Server 2016'),
	(1658362742261813248, NULL, '2023-05-16 14:44:23', 0, NULL, '2023-05-16 14:44:23', 43, '127.0.0.1', '本地测试', '获取当前登录用户', '{}', 'GET', '/zwz/user/info', 'admin', 2, 'USER-02', 'PC端 | Chrome 113.0.0.0 | Windows Windows 10 or Windows Server 2016'),
	(1658362743050342400, NULL, '2023-05-16 14:44:24', 0, NULL, '2023-05-16 14:44:24', 58, '127.0.0.1', '本地测试', '查询菜单', '{}', 'GET', '/zwz/permission/getMenuList', 'admin', 2, 'PERMISSION-02', 'PC端 | Chrome 113.0.0.0 | Windows Windows 10 or Windows Server 2016'),
	(1658362747857014784, NULL, '2023-05-16 14:44:25', 0, NULL, '2023-05-16 14:44:25', 45, '127.0.0.1', '本地测试', '查询菜单', '{}', 'GET', '/zwz/permission/getMenuList', 'admin', 2, 'PERMISSION-02', 'PC端 | Chrome 113.0.0.0 | Windows Windows 10 or Windows Server 2016'),
	(1658362748788150272, NULL, '2023-05-16 14:44:25', 0, NULL, '2023-05-16 14:44:25', 50, '127.0.0.1', '本地测试', '查询个人门户菜单B', '{}', 'POST', '/zwz/myDoor/getMyDoorList6', 'admin', 2, 'MY-DOOR-02', 'PC端 | Chrome 113.0.0.0 | Windows Windows 10 or Windows Server 2016'),
	(1658362760645447680, NULL, '2023-05-16 14:44:28', 0, NULL, '2023-05-16 14:44:28', 43, '127.0.0.1', '本地测试', '查询全部角色', '{}', 'GET', '/zwz/role/getAllList', 'admin', 2, 'ROLE-01', 'PC端 | Chrome 113.0.0.0 | Windows Windows 10 or Windows Server 2016'),
	(1658362760653836288, NULL, '2023-05-16 14:44:28', 0, NULL, '2023-05-16 14:44:28', 77, '127.0.0.1', '本地测试', '查询单个数据字典的值', '{}', 'GET', '/zwz/dictData/getByType/sex', 'admin', 2, 'DICT_DATA-01', 'PC端 | Chrome 113.0.0.0 | Windows Windows 10 or Windows Server 2016'),
	(1658362760733528064, NULL, '2023-05-16 14:44:28', 0, NULL, '2023-05-16 14:44:28', 98, '127.0.0.1', '本地测试', '查询用户', '{"nickname":"","departmentId":"","pageNumber":"1","pageSize":"20","sort":"createTime","order":"desc"}', 'GET', '/zwz/user/getUserList', 'admin', 2, 'USER-07', 'PC端 | Chrome 113.0.0.0 | Windows Windows 10 or Windows Server 2016'),
	(1658362760750305280, NULL, '2023-05-16 14:44:28', 0, NULL, '2023-05-16 14:44:28', 98, '127.0.0.1', '本地测试', '查询子部门', '{}', 'GET', '/zwz/department/getByParentId', 'admin', 2, 'DEP-01', 'PC端 | Chrome 113.0.0.0 | Windows Windows 10 or Windows Server 2016'),
	(1658362762482552832, NULL, '2023-05-16 14:44:28', 0, NULL, '2023-05-16 14:44:28', 56, '127.0.0.1', '本地测试', '查询子部门', '{}', 'GET', '/zwz/department/getByParentId', 'admin', 2, 'DEP-01', 'PC端 | Chrome 113.0.0.0 | Windows Windows 10 or Windows Server 2016'),
	(1658362764198023168, NULL, '2023-05-16 14:44:29', 0, NULL, '2023-05-16 14:44:29', 48, '127.0.0.1', '本地测试', '查询子部门', '{}', 'GET', '/zwz/department/getByParentId', 'admin', 2, 'DEP-01', 'PC端 | Chrome 113.0.0.0 | Windows Windows 10 or Windows Server 2016'),
	(1658362765515034624, NULL, '2023-05-16 14:44:29', 0, NULL, '2023-05-16 14:44:29', 51, '127.0.0.1', '本地测试', '查询用户', '{"pageNumber":"1","pageSize":"10","sort":"createTime","order":"desc","departmentId":""}', 'GET', '/zwz/myUser/getByPage', 'admin', 2, 'USER-01', 'PC端 | Chrome 113.0.0.0 | Windows Windows 10 or Windows Server 2016'),
	(1658362765724749827, NULL, '2023-05-16 14:44:29', 0, NULL, '2023-05-16 14:44:29', 44, '127.0.0.1', '本地测试', '查询子部门', '{}', 'GET', '/zwz/department/getByParentId', 'admin', 2, 'DEP-01', 'PC端 | Chrome 113.0.0.0 | Windows Windows 10 or Windows Server 2016'),
	(1658362767855456256, NULL, '2023-05-16 14:44:29', 0, NULL, '2023-05-16 14:44:29', 49, '127.0.0.1', '本地测试', '查询系统文件', '{"name":"","fkey":"","type":"","pageNumber":"1","pageSize":"15","sort":"createTime","order":"desc","startDate":"","endDate":""}', 'GET', '/zwz/file/getByCondition', 'admin', 2, 'FILE-01', 'PC端 | Chrome 113.0.0.0 | Windows Windows 10 or Windows Server 2016'),
	(1658362768522350592, NULL, '2023-05-16 14:44:30', 0, NULL, '2023-05-16 14:44:30', 36, '127.0.0.1', '本地测试', '查看单个配置', '{"id":"FILE_PATH"}', 'GET', '/zwz/setting/getOne', 'admin', 2, 'SETTING-01', 'PC端 | Chrome 113.0.0.0 | Windows Windows 10 or Windows Server 2016'),
	(1658362769134718976, NULL, '2023-05-16 14:44:30', 0, NULL, '2023-05-16 14:44:30', 36, '127.0.0.1', '本地测试', '查看单个配置', '{"id":"FILE_VIEW"}', 'GET', '/zwz/setting/getOne', 'admin', 2, 'SETTING-01', 'PC端 | Chrome 113.0.0.0 | Windows Windows 10 or Windows Server 2016'),
	(1658362769134718977, NULL, '2023-05-16 14:44:30', 0, NULL, '2023-05-16 14:44:30', 38, '127.0.0.1', '本地测试', '查看单个配置', '{"id":"FILE_HTTP"}', 'GET', '/zwz/setting/getOne', 'admin', 2, 'SETTING-01', 'PC端 | Chrome 113.0.0.0 | Windows Windows 10 or Windows Server 2016'),
	(1658362769843556352, NULL, '2023-05-16 14:44:30', 0, NULL, '2023-05-16 14:44:30', 48, '127.0.0.1', '本地测试', '查询角色', '{"pageNumber":"1","pageSize":"15","sort":"createTime","order":"desc"}', 'GET', '/zwz/role/getAllByPage', 'admin', 2, 'ROLE-02', 'PC端 | Chrome 113.0.0.0 | Windows Windows 10 or Windows Server 2016'),
	(1658362771160567808, NULL, '2023-05-16 14:44:30', 0, NULL, '2023-05-16 14:44:30', 57, '127.0.0.1', '本地测试', '查询全部菜单', '{}', 'GET', '/zwz/permission/getAllList', 'admin', 2, 'PERMISSION-04', 'PC端 | Chrome 113.0.0.0 | Windows Windows 10 or Windows Server 2016'),
	(1658362774184660992, NULL, '2023-05-16 14:44:31', 0, NULL, '2023-05-16 14:44:31', 47, '127.0.0.1', '本地测试', '查询单个数据字典的值', '{}', 'GET', '/zwz/dictData/getByType/permission_type', 'admin', 2, 'DICT_DATA-01', 'PC端 | Chrome 113.0.0.0 | Windows Windows 10 or Windows Server 2016'),
	(1658362776529276928, NULL, '2023-05-16 14:44:32', 0, NULL, '2023-05-16 14:44:32', 49, '127.0.0.1', '本地测试', '查询日志', '{"logType":"1","pageNumber":"1","pageSize":"15","startDate":"","endDate":"","sort":"createTime","order":"desc","ipInfo":"","key":""}', 'GET', '/zwz/log/getAllByPage', 'admin', 2, 'LOG-01', 'PC端 | Chrome 113.0.0.0 | Windows Windows 10 or Windows Server 2016'),
	(1658362780228653056, NULL, '2023-05-16 14:44:32', 0, NULL, '2023-05-16 14:44:32', 41, '127.0.0.1', '本地测试', '查询所有数据字典', '{}', 'GET', '/zwz/dict/getAll', 'admin', 2, 'DICT-01', 'PC端 | Chrome 113.0.0.0 | Windows Windows 10 or Windows Server 2016'),
	(1658362780908130304, NULL, '2023-05-16 14:44:33', 0, NULL, '2023-05-16 14:44:33', 52, '127.0.0.1', '本地测试', '查询数据字典值', '{"name":"","status":"","pageNumber":"1","pageSize":"10","sort":"sortOrder","order":"asc"}', 'GET', '/zwz/dictData/getByCondition', 'admin', 2, 'DICT_DATA-02', 'PC端 | Chrome 113.0.0.0 | Windows Windows 10 or Windows Server 2016');

DROP TABLE IF EXISTS `a_permission`;
CREATE TABLE IF NOT EXISTS `a_permission` (
  `id` bigint unsigned NOT NULL,
  `create_by` varchar(255) DEFAULT NULL,
  `create_time` datetime DEFAULT NULL,
  `del_flag` tinyint(1) DEFAULT NULL,
  `update_by` varchar(255) DEFAULT NULL,
  `update_time` datetime DEFAULT NULL,
  `description` varchar(255) DEFAULT NULL,
  `name` varchar(255) DEFAULT NULL,
  `parent_id` bigint unsigned DEFAULT NULL,
  `type` tinyint(1) DEFAULT NULL,
  `sort_order` decimal(10,2) DEFAULT NULL,
  `component` varchar(255) DEFAULT NULL,
  `path` varchar(255) DEFAULT NULL,
  `title` varchar(255) DEFAULT NULL,
  `icon` varchar(255) DEFAULT NULL,
  `level` int unsigned DEFAULT NULL,
  `button_type` varchar(255) DEFAULT NULL,
  `status` tinyint(1) DEFAULT NULL,
  `show_always` bit(1) DEFAULT NULL,
  PRIMARY KEY (`id`)
) ENGINE=InnoDB DEFAULT CHARSET=utf8mb3;

DELETE FROM `a_permission`;
INSERT INTO `a_permission` (`id`, `create_by`, `create_time`, `del_flag`, `update_by`, `update_time`, `description`, `name`, `parent_id`, `type`, `sort_order`, `component`, `path`, `title`, `icon`, `level`, `button_type`, `status`, `show_always`) VALUES
	(5129710648430593, '', '2022-03-20 09:46:20', 0, 'admin', '2022-03-20 09:46:20', '', 'user-admin', 1464484663442673664, 0, 1.10, 'roster/user/user', 'user', '用户管理', 'md-person', 2, '', 0, b'1'),
	(5129710648430594, '', '2022-03-20 09:46:20', 0, 'admin', '2022-06-14 11:23:18', '', 'role-manage', 1464484663442673664, 0, 1.00, 'role/role/index', 'role', '角色管理', 'md-contacts', 2, '', 0, b'1'),
	(5129710648430595, '', '2022-03-20 09:46:20', 0, 'admin', '2022-06-14 11:23:13', '', 'menu-manage', 1464484663442673664, 0, 2.00, 'menu/menu/index', 'menu', '菜单管理', 'md-menu', 2, '', 0, b'1'),
	(40238597734928384, '', '2022-03-20 09:46:20', 0, 'admin', '2022-03-20 09:46:20', '', 'department-admin', 1464484663442673664, 0, 1.20, 'roster/department/department', 'dep', '部门管理', 'md-git-branch', 2, '', 0, b'1'),
	(41363147411427328, '', '2022-03-20 09:46:20', 0, 'admin', '2022-05-21 14:15:44', '', 'log-manage', 1464484663442673664, 0, 2.20, 'log/log/index', 'log', '日志管理', 'md-list-box', 2, '', 0, b'1'),
	(56309618086776832, '', '2022-03-20 09:46:20', 0, 'admin', '2022-05-29 07:18:02', '', 'file-admin', 1464484663442673664, 0, 1.00, 'file/file/index', 'file', '文件管理', 'ios-folder', 2, '', 0, b'1'),
	(125909152017944576, 'admin', '2022-03-20 09:46:20', 0, 'admin', '2022-03-20 09:46:20', '', 'zwz', 0, -1, 1.00, '', '', '前后端分离开发模板', 'md-home', 0, '', 0, b'1'),
	(1464484663442673664, 'admin', '2022-03-20 09:46:20', 0, 'admin', '2022-03-20 09:46:20', '', 'userTwoMenu', 125909152017944576, 0, 1.00, 'Main', '/baseMenu', '系统基础模块', 'md-analytics', 1, '', 0, b'1'),
	(1530689602321518592, 'admin', '2022-05-29 07:16:55', 0, NULL, NULL, '', 'dict', 1464484663442673664, 0, 1.00, 'dict/dict/index', 'dict', '数据字典', 'ios-apps', 2, '', 0, b'1'),
	(1535166438371889152, 'admin', '2022-06-10 15:46:16', 0, NULL, NULL, '', 'vue', 1464484663442673664, 0, 1.00, 'code/vue/index', 'vue', '测试菜单', 'md-bug', 2, '', 0, b'1'),
	(1536599942410407936, 'admin', '2022-06-14 14:42:30', 0, NULL, NULL, '', 'demo', 0, -1, 2.00, '', '', '样例演示', 'md-bulb', 0, NULL, 0, NULL),
	(1536600125332393984, 'admin', '2022-06-14 14:43:13', 0, 'admin', '2022-06-14 15:10:31', '', 'tableDemo', 1536599942410407936, 0, 1.00, 'Main', '/tableDemo', '二次开发样例', 'ios-apps', 1, '', 0, NULL),
	(1536600268379131904, 'admin', '2022-06-14 14:43:47', 0, NULL, NULL, '', 'demo1', 1536600125332393984, 0, 1.00, 'demo/demo1/index', 'demo1', '代码生成样例', 'md-finger-print', 2, '', 0, NULL),
	(1536604417711804416, 'admin', '2022-06-14 15:00:17', 0, 'admin', '2022-06-14 15:31:57', '', 'demo2', 1536600125332393984, 0, 2.00, 'demo/demo2/index', 'demo2', '复杂表格样例', 'md-archive', 2, '', 0, NULL),
	(1536606273959759872, 'admin', '2022-06-14 15:07:39', 0, 'admin', '2022-06-14 15:10:23', '', 'antv', 1536599942410407936, 0, 2.00, 'Main', '/antv', '图表展示', 'ios-pulse', 1, '', 0, NULL),
	(1536606372668510208, 'admin', '2022-06-14 15:08:03', 0, NULL, NULL, '', 'antv1', 1536606273959759872, 0, 1.00, 'demo/antv1/index', 'antv1', '条形图', 'md-pricetags', 2, '', 0, NULL),
	(1536606464712511488, 'admin', '2022-06-14 15:08:25', 0, NULL, NULL, '', 'antv2', 1536606273959759872, 0, 2.00, 'demo/antv2/index', 'antv2', '饼图', 'md-radio-button-off', 2, '', 0, NULL),
	(1536606550951596032, 'admin', '2022-06-14 15:08:45', 0, NULL, NULL, '', 'antv3', 1536606273959759872, 0, 3.00, 'demo/antv3/index', 'antv3', '折线图', 'ios-nutrition', 2, '', 0, NULL),
	(1536606637815631872, 'admin', '2022-06-14 15:09:06', 0, NULL, NULL, '', 'antv4', 1536606273959759872, 0, 4.00, 'demo/antv4/index', 'antv4', '柱状图', 'ios-phone-portrait', 2, '', 0, NULL),
	(1536875505901506560, 'admin', '2022-06-15 08:57:29', 0, 'admin', '2022-06-15 09:01:01', '', 'antvActive', 1536606273959759872, 0, 5.00, 'demo/antvActive/index', 'antvActive', '动态图表样例', 'ios-apps', 2, '', 0, NULL);

DROP TABLE IF EXISTS `a_role`;
CREATE TABLE IF NOT EXISTS `a_role` (
  `id` bigint unsigned NOT NULL,
  `create_by` varchar(255) DEFAULT NULL,
  `create_time` datetime DEFAULT NULL,
  `update_by` varchar(255) DEFAULT NULL,
  `update_time` datetime DEFAULT NULL,
  `name` varchar(255) DEFAULT NULL,
  `del_flag` tinyint(1) DEFAULT NULL,
  `default_role` bit(1) DEFAULT NULL,
  `description` varchar(255) DEFAULT NULL,
  `data_type` tinyint(1) DEFAULT NULL,
  PRIMARY KEY (`id`)
) ENGINE=InnoDB DEFAULT CHARSET=utf8mb3;

DELETE FROM `a_role`;
INSERT INTO `a_role` (`id`, `create_by`, `create_time`, `update_by`, `update_time`, `name`, `del_flag`, `default_role`, `description`, `data_type`) VALUES
	(1536606659751841795, '', '2022-03-20 09:46:20', 'admin', '2022-03-20 09:46:20', 'ROLE_USER', 0, b'1', '普通用户', 0),
	(1536606659751841799, '', '2022-03-20 09:46:20', 'admin', '2022-03-20 09:46:20', 'ROLE_ADMIN', 0, b'0', '超级管理员', 0);

DROP TABLE IF EXISTS `a_role_permission`;
CREATE TABLE IF NOT EXISTS `a_role_permission` (
  `id` bigint unsigned NOT NULL,
  `create_by` varchar(255) DEFAULT NULL,
  `create_time` datetime DEFAULT NULL,
  `del_flag` tinyint(1) DEFAULT NULL,
  `update_by` varchar(255) DEFAULT NULL,
  `update_time` datetime DEFAULT NULL,
  `permission_id` bigint unsigned DEFAULT NULL,
  `role_id` bigint unsigned DEFAULT NULL,
  PRIMARY KEY (`id`)
) ENGINE=InnoDB DEFAULT CHARSET=utf8mb3;

DELETE FROM `a_role_permission`;
INSERT INTO `a_role_permission` (`id`, `create_by`, `create_time`, `del_flag`, `update_by`, `update_time`, `permission_id`, `role_id`) VALUES
	(1464514325862551552, 'admin', '2022-03-20 09:46:20', 0, 'admin', '2022-03-20 09:46:20', 125909152017944576, 1536606659751841799),
	(1464514325862551553, 'admin', '2022-03-20 09:46:20', 0, 'admin', '2022-03-20 09:46:20', 1464484663442673664, 1536606659751841799),
	(1464514325862551554, 'admin', '2022-03-20 09:46:20', 0, 'admin', '2022-03-20 09:46:20', 5129710648430593, 1536606659751841799),
	(1464514325862551564, 'admin', '2022-03-20 09:46:20', 0, 'admin', '2022-03-20 09:46:20', 40238597734928384, 1536606659751841799),
	(1464514325862551569, 'admin', '2022-03-20 09:46:20', 0, 'admin', '2022-03-20 09:46:20', 56309618086776832, 1536606659751841799),
	(1464514325862551584, 'admin', '2022-03-20 09:46:20', 0, 'admin', '2022-03-20 09:46:20', 5129710648430594, 1536606659751841799),
	(1464514325862551590, 'admin', '2022-03-20 09:46:20', 0, 'admin', '2022-03-20 09:46:20', 5129710648430595, 1536606659751841799),
	(1464514325862551595, 'admin', '2022-03-20 09:46:20', 0, 'admin', '2022-03-20 09:46:20', 41363147411427328, 1536606659751841799),
	(1530689747004035072, 'admin', '2022-05-29 07:17:29', 0, NULL, NULL, 1530689602321518592, 1536606659751841799),
	(1535166468684124160, 'admin', '2022-06-10 15:46:23', 0, NULL, NULL, 1535166438371889152, 1536606659751841799),
	(1536600292156641281, 'admin', '2022-06-14 14:43:53', 0, NULL, NULL, 1536599942410407936, 1536606659751841799),
	(1536600292173418496, 'admin', '2022-06-14 14:43:53', 0, NULL, NULL, 1536600125332393984, 1536606659751841799),
	(1536600292186001408, 'admin', '2022-06-14 14:43:53', 0, NULL, NULL, 1536600268379131904, 1536606659751841799),
	(1536604439178252292, 'admin', '2022-06-14 15:00:22', 0, NULL, NULL, 1536604417711804416, 1536606659751841799),
	(1536606659718287364, 'admin', '2022-06-14 15:09:11', 0, NULL, NULL, 1536606273959759872, 1536606659751841799),
	(1536606659730870272, 'admin', '2022-06-14 15:09:11', 0, NULL, NULL, 1536606372668510208, 1536606659751841799),
	(1536606659735064576, 'admin', '2022-06-14 15:09:11', 0, NULL, NULL, 1536606464712511488, 1536606659751841799),
	(1536606659743453184, 'admin', '2022-06-14 15:09:11', 0, NULL, NULL, 1536606550951596032, 1536606659751841799),
	(1536606659751841792, 'admin', '2022-06-14 15:09:11', 0, NULL, NULL, 1536606637815631872, 1536606659751841799),
	(1536875525769924610, 'admin', '2022-06-15 08:57:34', 0, NULL, NULL, 1536875505901506560, 1536606659751841799);

DROP TABLE IF EXISTS `a_setting`;
CREATE TABLE IF NOT EXISTS `a_setting` (
  `id` varchar(255) NOT NULL,
  `create_by` varchar(255) DEFAULT NULL,
  `create_time` datetime DEFAULT NULL,
  `del_flag` tinyint(1) DEFAULT NULL,
  `update_by` varchar(255) DEFAULT NULL,
  `update_time` datetime DEFAULT NULL,
  `value` longtext,
  PRIMARY KEY (`id`)
) ENGINE=InnoDB DEFAULT CHARSET=utf8mb3;

DELETE FROM `a_setting`;
INSERT INTO `a_setting` (`id`, `create_by`, `create_time`, `del_flag`, `update_by`, `update_time`, `value`) VALUES
	('FILE_HTTP', 'admin', '2023-05-16 14:37:41', 0, 'admin', '2022-05-28 15:57:20', 'http://'),
	('FILE_PATH', 'admin', '2023-05-16 14:37:40', 0, 'admin', '2022-05-28 15:57:19', 'C:\\\\oa-file'),
	('FILE_VIEW', 'admin', '2023-05-16 14:37:40', 0, 'admin', '2022-05-28 15:57:20', '127.0.0.1:8080/zwz/file/view');

DROP TABLE IF EXISTS `a_student`;
CREATE TABLE IF NOT EXISTS `a_student` (
  `id` varchar(255) CHARACTER SET utf8mb3 COLLATE utf8mb3_croatian_ci NOT NULL,
  `create_by` varchar(255) CHARACTER SET utf8mb3 COLLATE utf8mb3_croatian_ci DEFAULT NULL,
  `create_time` datetime(6) DEFAULT NULL,
  `del_flag` int NOT NULL,
  `update_by` varchar(255) CHARACTER SET utf8mb3 COLLATE utf8mb3_croatian_ci DEFAULT NULL,
  `update_time` datetime(6) DEFAULT NULL,
  `name` varchar(255) CHARACTER SET utf8mb3 COLLATE utf8mb3_croatian_ci DEFAULT NULL,
  `number` varchar(255) CHARACTER SET utf8mb3 COLLATE utf8mb3_croatian_ci DEFAULT NULL,
  `school` varchar(255) CHARACTER SET utf8mb3 COLLATE utf8mb3_croatian_ci DEFAULT NULL,
  `sex` varchar(255) CHARACTER SET utf8mb3 COLLATE utf8mb3_croatian_ci DEFAULT NULL,
  `age` decimal(19,2) DEFAULT NULL,
  PRIMARY KEY (`id`)
) ENGINE=InnoDB DEFAULT CHARSET=utf8mb3 COLLATE=utf8mb3_croatian_ci;

DELETE FROM `a_student`;
INSERT INTO `a_student` (`id`, `create_by`, `create_time`, `del_flag`, `update_by`, `update_time`, `name`, `number`, `school`, `sex`, `age`) VALUES
	('1536601255475023872', 'admin', '2022-06-14 14:47:42.637000', 0, NULL, NULL, '张三', '001', '北京大学', '男', 18.00),
	('1536601308352614400', 'admin', '2022-06-14 14:47:55.244000', 0, NULL, NULL, '李四', '002', '清华大学', '女', 19.00),
	('1536601388044390400', 'admin', '2022-06-14 14:48:14.243000', 0, NULL, NULL, '王五', '003', '浙江大学', '男', 20.00),
	('1536601469879455744', 'admin', '2022-06-14 14:48:33.753000', 0, NULL, NULL, '赵六', '004', '宁波大学', '保密', 21.00);

DROP TABLE IF EXISTS `a_teacher`;
CREATE TABLE IF NOT EXISTS `a_teacher` (
  `id` varchar(255) CHARACTER SET utf8mb3 COLLATE utf8mb3_croatian_ci NOT NULL,
  `create_by` varchar(255) CHARACTER SET utf8mb3 COLLATE utf8mb3_croatian_ci DEFAULT NULL,
  `create_time` datetime(6) DEFAULT NULL,
  `del_flag` int NOT NULL,
  `update_by` varchar(255) CHARACTER SET utf8mb3 COLLATE utf8mb3_croatian_ci DEFAULT NULL,
  `update_time` datetime(6) DEFAULT NULL,
  `age` decimal(19,2) DEFAULT NULL,
  `autograph` varchar(255) CHARACTER SET utf8mb3 COLLATE utf8mb3_croatian_ci DEFAULT NULL,
  `education` varchar(255) CHARACTER SET utf8mb3 COLLATE utf8mb3_croatian_ci DEFAULT NULL,
  `graduated` varchar(255) CHARACTER SET utf8mb3 COLLATE utf8mb3_croatian_ci DEFAULT NULL,
  `name` varchar(255) CHARACTER SET utf8mb3 COLLATE utf8mb3_croatian_ci DEFAULT NULL,
  `remark` varchar(255) CHARACTER SET utf8mb3 COLLATE utf8mb3_croatian_ci DEFAULT NULL,
  `status` varchar(255) CHARACTER SET utf8mb3 COLLATE utf8mb3_croatian_ci DEFAULT NULL,
  `wages` decimal(19,2) DEFAULT NULL,
  `resume` varchar(255) CHARACTER SET utf8mb3 COLLATE utf8mb3_croatian_ci DEFAULT NULL,
  PRIMARY KEY (`id`)
) ENGINE=InnoDB DEFAULT CHARSET=utf8mb3 COLLATE=utf8mb3_croatian_ci;

DELETE FROM `a_teacher`;
INSERT INTO `a_teacher` (`id`, `create_by`, `create_time`, `del_flag`, `update_by`, `update_time`, `age`, `autograph`, `education`, `graduated`, `name`, `remark`, `status`, `wages`, `resume`) VALUES
	('1536614275123122176', 'admin', '2022-06-14 15:39:26.000000', 0, 'admin', '2022-06-14 15:41:09.841000', 30.00, 'http://127.0.0.1:8080/zwz/file/view/1536614206311370752', '博士', '同济大学', '张三', '测试', '在职', 9960.00, 'http://127.0.0.1:8080/zwz/file/view/1536614698903015424'),
	('1536614275123122177', 'admin', '2022-06-14 15:39:26.000000', 0, 'admin', '2022-06-14 15:41:09.841000', 30.00, 'http://127.0.0.1:8080/zwz/file/view/1536614206311370752', '本科', '同济大学', '李四', '测试', '在职', 7778.00, 'http://127.0.0.1:8080/zwz/file/view/1536614698903015424'),
	('1536614275123122178', 'admin', '2022-06-14 15:39:26.000000', 0, 'admin', '2022-06-14 15:41:09.841000', 30.00, 'http://127.0.0.1:8080/zwz/file/view/1536614206311370752', '硕士', '同济大学', '王五', '测试', '在职', 8889.00, 'http://127.0.0.1:8080/zwz/file/view/1536614698903015424'),
	('1536614275123122179', 'admin', '2022-06-14 15:39:26.000000', 0, 'admin', '2022-06-14 15:41:09.841000', 30.00, 'http://127.0.0.1:8080/zwz/file/view/1536614206311370752', '硕士', '同济大学', '赵六', '测试', '在职', 4445.00, 'http://127.0.0.1:8080/zwz/file/view/1536614698903015424'),
	('1536614275123122180', 'admin', '2022-06-14 15:39:26.000000', 0, 'admin', '2022-06-14 15:41:09.841000', 30.00, 'http://127.0.0.1:8080/zwz/file/view/1536614206311370752', '专科', '同济大学', '郑七', '测试', '在职', 1118.00, 'http://127.0.0.1:8080/zwz/file/view/1536614698903015424'),
	('1536614275123122181', 'admin', '2022-06-14 15:39:26.000000', 0, 'admin', '2022-06-14 15:41:09.841000', 30.00, 'http://127.0.0.1:8080/zwz/file/view/1536614206311370752', '专科', '同济大学', '龚八', '测试', '在职', 3337.00, 'http://127.0.0.1:8080/zwz/file/view/1536614698903015424');

DROP TABLE IF EXISTS `a_user`;
CREATE TABLE IF NOT EXISTS `a_user` (
  `id` bigint unsigned NOT NULL,
  `create_by` varchar(255) DEFAULT NULL,
  `create_time` datetime DEFAULT NULL,
  `update_by` varchar(255) DEFAULT NULL,
  `update_time` datetime DEFAULT NULL,
  `address` varchar(255) DEFAULT NULL,
  `avatar` varchar(255) DEFAULT NULL,
  `description` varchar(255) CHARACTER SET utf8mb4 COLLATE utf8mb4_0900_ai_ci DEFAULT NULL,
  `email` varchar(255) DEFAULT NULL,
  `mobile` varchar(255) DEFAULT NULL,
  `nickname` varchar(255) CHARACTER SET utf8mb4 COLLATE utf8mb4_0900_ai_ci DEFAULT NULL,
  `password` varchar(255) DEFAULT NULL,
  `sex` varchar(255) DEFAULT NULL,
  `status` int DEFAULT NULL,
  `type` int DEFAULT NULL,
  `username` varchar(255) DEFAULT NULL,
  `del_flag` tinyint(1) DEFAULT NULL,
  `department_id` bigint unsigned DEFAULT NULL,
  `street` varchar(255) DEFAULT NULL,
  `pass_strength` varchar(2) DEFAULT NULL,
  `department_title` varchar(255) DEFAULT NULL,
  `birth` datetime(6) DEFAULT NULL,
  `my_door` varchar(255) DEFAULT NULL,
  PRIMARY KEY (`id`),
  UNIQUE KEY `username` (`username`) USING BTREE,
  UNIQUE KEY `email` (`email`) USING BTREE,
  UNIQUE KEY `mobile` (`mobile`) USING BTREE,
  KEY `create_time` (`create_time`) USING BTREE
) ENGINE=InnoDB DEFAULT CHARSET=utf8mb3;

DELETE FROM `a_user`;
INSERT INTO `a_user` (`id`, `create_by`, `create_time`, `update_by`, `update_time`, `address`, `avatar`, `description`, `email`, `mobile`, `nickname`, `password`, `sex`, `status`, `type`, `username`, `del_flag`, `department_id`, `street`, `pass_strength`, `department_title`, `birth`, `my_door`) VALUES
	(1464764315201572864, '', '2022-03-20 09:46:20', 'admin', '2022-05-18 14:41:08', '["330000","330600","330602"]', 'https://wx.qlogo.cn/mmhead/PiajxSqBRaEKjc639z2lRF4DqweNw2aDRLbAL7yLlSgrdZeKBCwLHDQ/0', '浙江大学', '916077357@qq.com', '17857054388', '管理员', '$2a$10$PS04ecXfknNd3V8d.ymLTObQciapMU4xU8.GADBZZsuTZr7ymnagy', '男', 0, 1, 'admin', 0, 1464487288363945985, '', '弱', '部门A', '2023-05-16 14:36:38.000000', 'user-adminZWZ666department-admin'),
	(1464764315201572865, '', '2022-03-20 09:46:20', 'admin', '2022-05-21 09:11:48', '["110000","110100","110105"]', 'https://wx.qlogo.cn/mmhead/PiajxSqBRaEKjc639z2lRF4DqweNw2aDRLbAL7yLlSgrdZeKBCwLHDQ/0', '浙江大学', '13600000001@qq.com', '13600000001', '用户A', '$2a$10$E59nactOiILAzQvfcs0JFOYuZp06d4bLhugEadyQuygpmiLc0W.ha', '女', 0, 0, '13600000001', 0, 1464487288363945985, '', '弱', '部门A', '2023-05-16 14:35:43.000000', ''),
	(1464772465946398721, '', '2022-03-20 09:46:20', 'admin', '2022-05-21 09:53:33', '["110000","110100","110105"]', 'https://wx.qlogo.cn/mmhead/PiajxSqBRaEKjc639z2lRF4DqweNw2aDRLbAL7yLlSgrdZeKBCwLHDQ/0', '浙江大学', '13600000002@qq.com', '13600000002', '用户B', '$2a$10$vJyLo1RhFORH/SAu3sc9aeb37I5JRy5UugaN7fIt/e2vvsz6JWJCm', '女', 0, 0, '13600000002', 0, 1464487288363945985, '', '弱', '部门A', '2023-05-16 14:35:44.000000', ''),
	(1527830053524738048, 'admin', '2022-05-21 09:54:05', NULL, NULL, '["110000","110100","110106"]', 'https://wx.qlogo.cn/mmhead/PiajxSqBRaEKjc639z2lRF4DqweNw2aDRLbAL7yLlSgrdZeKBCwLHDQ/0', '浙江大学', '13600000003@qq.com', '13600000003', '用户C', '$2a$10$oeP4aplYnswfQ44pK6lAO.Np9BuPYJGRwo17THO7CUNlIQoVGsPmy', '男', 0, 0, '13600000003', 0, 1464487288363945985, '', '弱', '部门A', '2023-05-16 14:35:44.000000', '');

DROP TABLE IF EXISTS `a_user_role`;
CREATE TABLE IF NOT EXISTS `a_user_role` (
  `id` bigint unsigned NOT NULL,
  `create_by` varchar(255) DEFAULT NULL,
  `create_time` datetime DEFAULT NULL,
  `del_flag` tinyint(1) DEFAULT NULL,
  `update_by` varchar(255) DEFAULT NULL,
  `update_time` datetime DEFAULT NULL,
  `role_id` bigint unsigned DEFAULT NULL,
  `user_id` bigint unsigned DEFAULT NULL,
  PRIMARY KEY (`id`)
) ENGINE=InnoDB DEFAULT CHARSET=utf8mb3;

DELETE FROM `a_user_role`;
INSERT INTO `a_user_role` (`id`, `create_by`, `create_time`, `del_flag`, `update_by`, `update_time`, `role_id`, `user_id`) VALUES
	(1464487931975700480, 'admin', '2022-03-20 09:46:20', 0, 'admin', '2022-03-20 09:46:20', 1536606659751841799, 1464764315201572864),
	(1486220872917323776, 'admin', '2022-03-20 09:46:20', 0, 'admin', '2022-03-20 09:46:20', 1536606659751841795, 1464764315201572865),
	(1526802492967489537, NULL, '2022-05-18 13:50:56', 0, NULL, NULL, 1536606659751841795, 1526802492443201536),
	(1526819095553642497, NULL, '2022-05-18 14:56:54', 0, NULL, NULL, 1536606659751841795, 1526819095159377920),
	(1527829917801254912, 'admin', '2022-05-21 09:53:33', 0, NULL, NULL, 1536606659751841795, 1464772465946398721),
	(1527830053889642496, 'admin', '2022-05-21 09:54:05', 0, NULL, NULL, 1536606659751841795, 1527830053524738048);

/*!40103 SET TIME_ZONE=IFNULL(@OLD_TIME_ZONE, 'system') */;
/*!40101 SET SQL_MODE=IFNULL(@OLD_SQL_MODE, '') */;
/*!40014 SET FOREIGN_KEY_CHECKS=IFNULL(@OLD_FOREIGN_KEY_CHECKS, 1) */;
/*!40101 SET CHARACTER_SET_CLIENT=@OLD_CHARACTER_SET_CLIENT */;
/*!40111 SET SQL_NOTES=IFNULL(@OLD_SQL_NOTES, 1) */;
