DELETE FROM `t_permission`;
/*!40000 ALTER TABLE `t_permission` DISABLE KEYS */;
INSERT INTO `t_permission` (`id`, `create_by`, `create_time`, `del_flag`, `update_by`, `update_time`, `description`, `name`, `parent_id`, `type`, `sort_order`, `component`, `path`, `title`, `icon`, `level`, `button_type`, `status`, `url`, `show_always`, `is_menu`, `is_parent`) VALUES
	(5129710648430592, '', '2018-06-04 19:02:29', 0, 'admin', '2021-01-11 01:00:01', '', 'sys', 125909152017944576, 0, 1.00, 'Main', '/sys', '系统管理', 'ios-settings', 1, '', 0, '', b'1', NULL, b'1'),
	(5129710648430593, '', '2018-06-04 19:02:32', 0, '', '2018-08-13 15:15:33', '', 'user-manage', 5129710648430592, 0, 1.10, 'sys/user-manage/userManage', 'user-manage', '用户管理', 'md-person', 2, '', 0, '', b'1', NULL, b'1'),
	(5129710648430594, '', '2018-06-04 19:02:35', 0, '', '2018-10-13 13:51:36', '', 'role-manage', 5129710648430592, 0, 1.60, 'sys/role-manage/roleManage', 'role-manage', '角色权限管理', 'md-contacts', 2, '', 0, '', b'1', NULL, b'1'),
	(5129710648430595, '', '2018-06-04 19:02:37', 0, '', '2018-09-23 23:32:02', '', 'menu-manage', 5129710648430592, 0, 1.70, 'sys/menu-manage/menuManage', 'menu-manage', '菜单权限管理', 'md-menu', 2, '', 0, '', b'1', NULL, b'1'),
	(15701400130424832, '', '2018-06-03 22:04:06', 0, '', '2018-09-19 22:16:44', '', '', 5129710648430593, 1, 1.11, '', '/xboot/user/admin/add*', '添加用户', '', 3, 'add', 0, '', b'1', NULL, NULL),
	(15701915807518720, '', '2018-06-03 22:06:09', 0, '', '2018-06-06 14:46:51', '', '', 5129710648430593, 1, 1.13, '', '/xboot/user/admin/disable/**', '禁用用户', '', 3, 'disable', 0, NULL, b'1', NULL, NULL),
	(15708892205944832, '', '2018-06-03 22:33:52', 0, '', '2018-06-28 16:44:48', '', '', 5129710648430593, 1, 1.14, '', '/xboot/user/admin/enable/**', '启用用户', '', 3, 'enable', 0, NULL, b'1', NULL, NULL),
	(16678126574637056, '', '2018-06-06 14:45:16', 0, '', '2018-09-19 22:16:48', '', '', 5129710648430593, 1, 1.12, '', '/xboot/user/admin/edit*', '编辑用户', '', 3, 'edit', 0, '', b'1', NULL, NULL),
	(16678447719911424, '', '2018-06-06 14:46:32', 0, '', '2018-08-10 21:41:16', '', '', 5129710648430593, 1, 1.15, '', '/xboot/user/delByIds/**', '删除用户', '', 3, 'delete', 0, '', b'1', NULL, NULL),
	(16687383932047360, '', '2018-06-06 15:22:03', 0, '', '2018-09-19 22:07:34', '', '', 5129710648430594, 1, 1.21, '', '/xboot/role/save*', '添加角色', '', 3, 'add', 0, '', b'1', NULL, NULL),
	(16689632049631232, '', '2018-06-06 15:30:59', 0, '', '2018-09-19 22:07:37', '', '', 5129710648430594, 1, 1.22, '', '/xboot/role/edit*', '编辑角色', '', 3, 'edit', 0, '', b'1', NULL, NULL),
	(16689745006432256, '', '2018-06-06 15:31:26', 0, '', '2018-08-10 21:41:23', '', '', 5129710648430594, 1, 1.23, '', '/xboot/role/delAllByIds/**', '删除角色', '', 3, 'delete', 0, '', b'1', NULL, NULL),
	(16689883993083904, NULL, '2018-06-06 15:31:59', 0, NULL, '2018-06-06 15:31:59', NULL, NULL, 5129710648430594, 1, 1.24, NULL, '/xboot/role/editRolePerm**', '分配权限', NULL, 3, 'editPerm', 0, NULL, b'1', NULL, NULL),
	(16690313745666048, '', '2018-06-06 15:33:41', 0, '', '2018-09-19 22:07:46', '', '', 5129710648430594, 1, 1.25, '', '/xboot/role/setDefault*', '设为默认角色', '', 3, 'setDefault', 0, '', b'1', NULL, NULL),
	(16694861252005888, '', '2018-06-06 15:51:46', 0, '', '2018-09-19 22:07:52', '', '', 5129710648430595, 1, 1.31, '', '/xboot/permission/add*', '添加菜单', '', 3, 'add', 0, '', b'1', NULL, NULL),
	(16695107491205120, '', '2018-06-06 15:52:44', 0, '', '2018-09-19 22:07:57', '', '', 5129710648430595, 1, 1.32, '', '/xboot/permission/edit*', '编辑菜单', '', 3, 'edit', 0, '', b'1', NULL, NULL),
	(16695243126607872, '', '2018-06-06 15:53:17', 0, '', '2018-08-10 21:41:33', '', '', 5129710648430595, 1, 1.33, '', '/xboot/permission/delByIds/**', '删除菜单', '', 3, 'delete', 0, '', b'1', NULL, NULL),
	(25014528525733888, '', '2018-06-29 14:51:09', 0, '', '2018-10-08 11:13:27', '', '', 5129710648430593, 1, 1.16, '', '无', '上传图片', '', 3, 'upload', 0, '', b'1', NULL, NULL),
	(39915540965232640, NULL, '2018-08-09 17:42:28', 0, NULL, '2018-08-09 17:42:28', NULL, 'monitor', 125909152017944576, 0, 2.00, 'Main', '/monitor', '系统监控', 'ios-analytics', 1, NULL, 0, NULL, b'1', NULL, b'1'),
	(40238597734928384, '', '2018-08-10 15:06:10', 0, 'admin', '2020-12-10 02:21:33', '', 'department-manage', 5129710648430592, 0, 1.20, 'sys/department-manage/departmentManage', 'department-manage', '部门管理', 'md-git-branch', 2, '', 0, '', b'1', NULL, b'1'),
	(41363147411427328, '', '2018-08-13 17:34:43', 0, 'admin', '2020-03-25 20:31:16', '', 'log-manage', 39915540965232640, 0, 2.20, 'sys/log-manage/logManage', 'log-manage', '日志管理', 'md-list-box', 2, '', 0, '', b'1', NULL, b'1'),
	(41363537456533504, '', '2018-08-13 17:36:16', 0, '', '2018-08-13 17:56:11', '', '', 41363147411427328, 1, 2.11, '', '/xboot/log/delByIds/**', '删除日志', '', 3, 'delete', 0, '', b'1', NULL, NULL),
	(41364927394353152, '', '2018-08-13 17:41:48', 0, 'admin', '2020-12-11 16:32:40', '', '', 41363147411427328, 1, 2.12, '', '/xboot/log/delAll*', '清空日志', '', 3, 'clear', 0, '', b'1', NULL, NULL),
	(45235621697949696, '', '2018-08-24 10:02:33', 0, '', '2018-09-19 22:06:57', '', '', 40238597734928384, 1, 1.21, '', '/xboot/department/add*', '添加部门', '', 3, 'add', 0, '', b'1', NULL, NULL),
	(45235787867885568, '', '2018-08-24 10:03:13', 0, '', '2018-09-19 22:07:02', '', '', 40238597734928384, 1, 1.22, '', '/xboot/department/edit*', '编辑部门', '', 3, 'edit', 0, '', b'1', NULL, NULL),
	(45235939278065664, NULL, '2018-08-24 10:03:49', 0, NULL, '2018-08-24 10:03:49', NULL, '', 40238597734928384, 1, 1.23, '', '/xboot/department/delByIds/*', '删除部门', '', 3, 'delete', 0, NULL, b'1', NULL, NULL),
	(56309618086776832, '', '2018-09-23 23:26:40', 0, 'admin', '2021-06-21 14:29:10', '', 'oss-manage', 5129710648430592, 0, 1.40, 'sys/oss-manage/ossManage', 'oss-manage', '云盘', 'ios-folder', 2, '', 0, '', b'1', NULL, b'1'),
	(56898976661639168, '', '2018-09-25 14:28:34', 0, '', '2018-09-25 15:12:46', '', '', 5129710648430593, 1, 1.17, '', '/xboot/user/importData*', '导入用户', '', 3, 'input', 0, '', b'1', NULL, NULL),
	(57212882168844288, '', '2018-09-26 11:15:55', 0, '', '2018-10-08 11:10:05', '', '', 56309618086776832, 1, 1.41, '', '无', '上传文件', '', 3, 'upload', 0, '', b'1', NULL, NULL),
	(58480609315524608, '', '2018-09-29 23:13:24', 0, 'admin', '2021-06-21 14:19:55', '', 'setting', 5129710648430592, 0, 1.90, 'sys/setting-manage/settingManage', 'setting', '系统配置', 'ios-settings-outline', 2, '', 0, '', b'1', NULL, b'1'),
	(61394706252173312, NULL, '2018-10-08 00:12:59', 0, NULL, '2018-10-08 00:12:59', NULL, '', 58480609315524608, 1, 1.81, '', '/xboot/setting/seeSecret/**', '查看私密配置', '', 3, 'view', 0, NULL, b'1', NULL, NULL),
	(61417744146370560, '', '2018-10-08 01:44:32', 0, '', '2018-10-08 01:50:03', '', '', 58480609315524608, 1, 1.82, '', '/xboot/setting/*/set*', '编辑配置', '', 3, 'edit', 0, '', b'1', NULL, NULL),
	(61560041605435392, NULL, '2018-10-08 11:09:58', 0, NULL, '2018-10-08 11:09:58', NULL, '', 56309618086776832, 1, 1.42, '', '/xboot/file/rename*', '重命名文件', '', 3, 'edit', 0, NULL, b'1', NULL, NULL),
	(61560275261722624, NULL, '2018-10-08 11:10:54', 0, NULL, '2018-10-08 11:10:54', NULL, '', 56309618086776832, 1, 1.43, '', '/xboot/file/copy*', '复制文件', '', 3, 'edit', 0, NULL, b'1', NULL, NULL),
	(61560480518377472, NULL, '2018-10-08 11:11:43', 0, NULL, '2018-10-08 11:11:43', NULL, '', 56309618086776832, 1, 1.44, '', '/xboot/file/delete/*', '删除文件', '', 3, 'delete', 0, NULL, b'1', NULL, NULL),
	(75002207560273920, 'admin', '2018-11-14 13:24:21', 0, 'admin', '2018-11-20 20:06:22', '', 'dict', 5129710648430592, 0, 1.80, 'sys/dict-manage/dictManage', 'dict', '数据字典管理', 'md-bookmarks', 2, '', 0, '', b'1', NULL, b'1'),
	(76215889006956544, 'admin', '2018-11-17 21:47:05', 0, 'admin', '2018-11-17 21:47:53', '', '', 75002207560273920, 1, 1.81, '', '/xboot/dict/add*', '添加字典', '', 3, 'add', 0, '', b'1', NULL, NULL),
	(76216071333351424, 'admin', '2018-11-17 21:47:48', 0, 'admin', '2018-11-17 21:47:48', NULL, '', 75002207560273920, 1, 1.82, '', '/xboot/dict/edit*', '编辑字典', '', 3, 'edit', 0, NULL, b'1', NULL, NULL),
	(76216264070008832, 'admin', '2018-11-17 21:48:34', 0, 'admin', '2018-11-17 21:48:34', NULL, '', 75002207560273920, 1, 1.83, '', '/xboot/dict/delByIds/**', '删除字典', '', 3, 'delete', 0, NULL, b'1', NULL, NULL),
	(76216459709124608, 'admin', '2018-11-17 21:49:21', 0, 'admin', '2018-11-17 21:49:21', NULL, '', 75002207560273920, 1, 1.84, '', '/xboot/dictData/add*', '添加字典数据', '', 3, 'add', 0, NULL, b'1', NULL, NULL),
	(76216594207870976, 'admin', '2018-11-17 21:49:53', 0, 'admin', '2018-11-17 21:49:53', NULL, '', 75002207560273920, 1, 1.85, '', '/xboot/dictData/edit*', '编辑字典数据', '', 3, 'edit', 0, NULL, b'1', NULL, NULL),
	(76216702639017984, 'admin', '2018-11-17 21:50:18', 0, 'admin', '2018-11-17 21:50:18', NULL, '', 75002207560273920, 1, 1.86, '', '/xboot/dictData/delByIds/**', '删除字典数据', '', 3, 'delete', 0, NULL, b'1', NULL, NULL),
	(125909152017944576, 'admin', '2019-04-04 00:50:22', 0, 'admin', '2021-06-21 14:19:14', 'undefined', 'xboot', 0, -1, 0.00, 'false', '', '系统基础', 'md-home', 0, '', 0, '', b'1', b'1', b'1'),
	(156365156580855808, 'admin', '2019-06-27 01:51:39', 0, 'admin', '2019-06-27 01:51:39', NULL, '', 5129710648430593, 1, 1.18, '', '/xboot/user/resetPass', '重置密码', '', 3, 'other', 0, NULL, b'1', NULL, NULL);
DELETE FROM `t_role_permission`;
/*!40000 ALTER TABLE `t_role_permission` DISABLE KEYS */;
INSERT INTO `t_role_permission` (`id`, `create_by`, `create_time`, `del_flag`, `update_by`, `update_time`, `permission_id`, `role_id`) VALUES
	(1406859533158060032, 'admin', '2021-06-21 14:20:26', 0, 'admin', '2021-06-21 14:20:26', 125909152017944576, 496138616573952),
	(1406859533158060033, 'admin', '2021-06-21 14:20:26', 0, 'admin', '2021-06-21 14:20:26', 5129710648430592, 496138616573952),
	(1406859533158060034, 'admin', '2021-06-21 14:20:26', 0, 'admin', '2021-06-21 14:20:26', 5129710648430593, 496138616573952),
	(1406859533158060035, 'admin', '2021-06-21 14:20:26', 0, 'admin', '2021-06-21 14:20:26', 15701400130424832, 496138616573952),
	(1406859533158060036, 'admin', '2021-06-21 14:20:26', 0, 'admin', '2021-06-21 14:20:26', 16678126574637056, 496138616573952),
	(1406859533158060037, 'admin', '2021-06-21 14:20:26', 0, 'admin', '2021-06-21 14:20:26', 15701915807518720, 496138616573952),
	(1406859533158060038, 'admin', '2021-06-21 14:20:26', 0, 'admin', '2021-06-21 14:20:26', 15708892205944832, 496138616573952),
	(1406859533158060039, 'admin', '2021-06-21 14:20:26', 0, 'admin', '2021-06-21 14:20:26', 16678447719911424, 496138616573952),
	(1406859533158060040, 'admin', '2021-06-21 14:20:26', 0, 'admin', '2021-06-21 14:20:26', 25014528525733888, 496138616573952),
	(1406859533158060041, 'admin', '2021-06-21 14:20:26', 0, 'admin', '2021-06-21 14:20:26', 56898976661639168, 496138616573952),
	(1406859533158060042, 'admin', '2021-06-21 14:20:26', 0, 'admin', '2021-06-21 14:20:26', 156365156580855808, 496138616573952),
	(1406859533158060043, 'admin', '2021-06-21 14:20:26', 0, 'admin', '2021-06-21 14:20:26', 40238597734928384, 496138616573952),
	(1406859533158060044, 'admin', '2021-06-21 14:20:26', 0, 'admin', '2021-06-21 14:20:26', 45235621697949696, 496138616573952),
	(1406859533158060045, 'admin', '2021-06-21 14:20:26', 0, 'admin', '2021-06-21 14:20:26', 45235787867885568, 496138616573952),
	(1406859533158060046, 'admin', '2021-06-21 14:20:26', 0, 'admin', '2021-06-21 14:20:26', 45235939278065664, 496138616573952),
	(1406859533158060047, 'admin', '2021-06-21 14:20:26', 0, 'admin', '2021-06-21 14:20:26', 56309618086776832, 496138616573952),
	(1406859533158060048, 'admin', '2021-06-21 14:20:26', 0, 'admin', '2021-06-21 14:20:26', 57212882168844288, 496138616573952),
	(1406859533158060049, 'admin', '2021-06-21 14:20:26', 0, 'admin', '2021-06-21 14:20:26', 61560041605435392, 496138616573952),
	(1406859533158060050, 'admin', '2021-06-21 14:20:26', 0, 'admin', '2021-06-21 14:20:26', 61560275261722624, 496138616573952),
	(1406859533158060051, 'admin', '2021-06-21 14:20:26', 0, 'admin', '2021-06-21 14:20:26', 61560480518377472, 496138616573952),
	(1406859533158060052, 'admin', '2021-06-21 14:20:26', 0, 'admin', '2021-06-21 14:20:26', 5129710648430594, 496138616573952),
	(1406859533158060053, 'admin', '2021-06-21 14:20:26', 0, 'admin', '2021-06-21 14:20:26', 16687383932047360, 496138616573952),
	(1406859533158060054, 'admin', '2021-06-21 14:20:26', 0, 'admin', '2021-06-21 14:20:26', 16689632049631232, 496138616573952),
	(1406859533158060055, 'admin', '2021-06-21 14:20:26', 0, 'admin', '2021-06-21 14:20:26', 16689745006432256, 496138616573952),
	(1406859533158060056, 'admin', '2021-06-21 14:20:26', 0, 'admin', '2021-06-21 14:20:26', 16689883993083904, 496138616573952),
	(1406859533158060057, 'admin', '2021-06-21 14:20:26', 0, 'admin', '2021-06-21 14:20:26', 16690313745666048, 496138616573952),
	(1406859533158060058, 'admin', '2021-06-21 14:20:26', 0, 'admin', '2021-06-21 14:20:26', 5129710648430595, 496138616573952),
	(1406859533158060059, 'admin', '2021-06-21 14:20:26', 0, 'admin', '2021-06-21 14:20:26', 16694861252005888, 496138616573952),
	(1406859533158060060, 'admin', '2021-06-21 14:20:26', 0, 'admin', '2021-06-21 14:20:26', 16695107491205120, 496138616573952),
	(1406859533158060061, 'admin', '2021-06-21 14:20:26', 0, 'admin', '2021-06-21 14:20:26', 16695243126607872, 496138616573952),
	(1406859533158060062, 'admin', '2021-06-21 14:20:26', 0, 'admin', '2021-06-21 14:20:26', 75002207560273920, 496138616573952),
	(1406859533158060063, 'admin', '2021-06-21 14:20:26', 0, 'admin', '2021-06-21 14:20:26', 76215889006956544, 496138616573952),
	(1406859533158060064, 'admin', '2021-06-21 14:20:26', 0, 'admin', '2021-06-21 14:20:26', 76216071333351424, 496138616573952),
	(1406859533158060065, 'admin', '2021-06-21 14:20:26', 0, 'admin', '2021-06-21 14:20:26', 76216264070008832, 496138616573952),
	(1406859533158060066, 'admin', '2021-06-21 14:20:26', 0, 'admin', '2021-06-21 14:20:26', 76216459709124608, 496138616573952),
	(1406859533158060067, 'admin', '2021-06-21 14:20:26', 0, 'admin', '2021-06-21 14:20:26', 76216594207870976, 496138616573952),
	(1406859533158060068, 'admin', '2021-06-21 14:20:26', 0, 'admin', '2021-06-21 14:20:26', 76216702639017984, 496138616573952),
	(1406859533158060069, 'admin', '2021-06-21 14:20:26', 0, 'admin', '2021-06-21 14:20:26', 58480609315524608, 496138616573952),
	(1406859533158060070, 'admin', '2021-06-21 14:20:26', 0, 'admin', '2021-06-21 14:20:26', 61394706252173312, 496138616573952),
	(1406859533158060071, 'admin', '2021-06-21 14:20:26', 0, 'admin', '2021-06-21 14:20:26', 61417744146370560, 496138616573952),
	(1406859533158060072, 'admin', '2021-06-21 14:20:26', 0, 'admin', '2021-06-21 14:20:26', 39915540965232640, 496138616573952),
	(1406859533158060073, 'admin', '2021-06-21 14:20:26', 0, 'admin', '2021-06-21 14:20:26', 41363147411427328, 496138616573952),
	(1406859533158060074, 'admin', '2021-06-21 14:20:26', 0, 'admin', '2021-06-21 14:20:26', 41363537456533504, 496138616573952),
	(1406859533158060075, 'admin', '2021-06-21 14:20:26', 0, 'admin', '2021-06-21 14:20:26', 41364927394353152, 496138616573952);
DELETE FROM `t_user`;
INSERT INTO `t_user` (`id`, `create_by`, `create_time`, `update_by`, `update_time`, `address`, `avatar`, `description`, `email`, `mobile`, `nickname`, `password`, `sex`, `status`, `type`, `username`, `del_flag`, `department_id`, `street`, `pass_strength`, `department_title`, `birth`) VALUES
	(682265633886208, '', '2018-05-01 16:13:51', 'admin', '2020-04-12 22:03:47', '北京市,市辖区,东城区', 'https://ooo.0o0.ooo/2019/04/28/5cc5a71a6e3b6.png', '我是大帅逼', 'admin@exrick.cn', '18782059031', '管理员', '$2a$10$PS04ecXfknNd3V8d.ymLTObQciapMU4xU8.GADBZZsuTZr7ymnagy', '男', 0, 1, 'admin', 0, 40322777781112832, '天府1街', '弱', '总部', '2020-04-15 00:00:00.000000');
DELETE FROM `t_user_role`;
INSERT INTO `t_user_role` (`id`, `create_by`, `create_time`, `del_flag`, `update_by`, `update_time`, `role_id`, `user_id`) VALUES
	(1254427593457930240, 'admin', '2020-04-26 23:10:19', 0, 'admin', '2020-04-26 23:10:19', 496138616573952, 682265633886208);
	DELETE FROM `t_department`;
/*!40000 ALTER TABLE `t_department` DISABLE KEYS */;
INSERT INTO `t_department` (`id`, `create_by`, `create_time`, `del_flag`, `update_by`, `update_time`, `parent_id`, `sort_order`, `status`, `title`, `is_parent`) VALUES
	(40322777781112832, '', '2018-08-10 20:40:40', 0, '', '2018-08-11 00:03:06', 0, 1.00, 0, '总部', b'1'),
	(40322811096469504, '', '2018-08-10 20:40:48', 0, '', '2018-08-11 00:27:05', 40322777781112832, 1.00, 0, '技术部', b'1'),
	(40322852833988608, '', '2018-08-10 20:40:58', 0, '', '2018-08-11 01:29:42', 40322811096469504, 1.00, 0, '研发中心', NULL),
	(40327204755738624, '', '2018-08-10 20:58:15', 0, '', '2018-08-10 22:02:15', 40322811096469504, 2.00, 0, '大数据', NULL),
	(40327253309001728, '', '2018-08-10 20:58:27', 0, '', '2018-08-11 17:26:38', 40322811096469504, 3.00, -1, '人工智障', NULL),
	(40343262766043136, '', '2018-08-10 22:02:04', 0, '', '2018-08-11 00:02:53', 0, 2.00, 0, '成都分部', b'1'),
	(40344005342400512, '', '2018-08-10 22:05:01', 0, '', '2018-08-11 17:48:44', 40343262766043136, 2.00, 0, 'Vue', NULL),
	(40389030113710080, '', '2018-08-11 01:03:56', 0, '', '2018-08-11 17:50:04', 40343262766043136, 1.00, 0, 'JAVA', b'0'),
	(40652270295060480, '', '2018-08-11 18:29:57', 0, '', '2018-08-12 18:45:01', 0, 3.00, 0, '人事部', b'1'),
	(40652338142121984, NULL, '2018-08-11 18:30:13', 0, NULL, '2018-08-11 18:30:13', 40652270295060480, 1.00, 0, '游客', b'0'),
	(40681289119961088, '', '2018-08-11 20:25:16', 0, '', '2018-08-11 22:47:48', 40652270295060480, 2.00, 0, 'VIP', b'0');
DROP TABLE IF EXISTS `t_department_header`;